IPV4_SRC_ADDR,IPV4_DST_ADDR,L4_SRC_PORT,L4_DST_PORT,PROTOCOL,L7_PROTO,IN_BYTES,OUT_BYTES,IN_PKTS,OUT_PKTS,FLOW_DURATION_MILLISECONDS,TCP_FLAGS,CLIENT_TCP_FLAGS,SERVER_TCP_FLAGS,DURATION_IN,DURATION_OUT,MIN_TTL,MAX_TTL,LONGEST_FLOW_PKT,SHORTEST_FLOW_PKT,MIN_IP_PKT_LEN,MAX_IP_PKT_LEN,SRC_TO_DST_SECOND_BYTES,DST_TO_SRC_SECOND_BYTES,RETRANSMITTED_IN_BYTES,RETRANSMITTED_IN_PKTS,RETRANSMITTED_OUT_BYTES,RETRANSMITTED_OUT_PKTS,SRC_TO_DST_AVG_THROUGHPUT,DST_TO_SRC_AVG_THROUGHPUT,NUM_PKTS_UP_TO_128_BYTES,NUM_PKTS_128_TO_256_BYTES,NUM_PKTS_256_TO_512_BYTES,NUM_PKTS_512_TO_1024_BYTES,NUM_PKTS_1024_TO_1514_BYTES,TCP_WIN_MAX_IN,TCP_WIN_MAX_OUT,ICMP_TYPE,ICMP_IPV4_TYPE,DNS_QUERY_ID,DNS_QUERY_TYPE,DNS_TTL_ANSWER,FTP_COMMAND_RET_CODE,FLOW_START_MILLISECONDS,FLOW_END_MILLISECONDS,SRC_TO_DST_IAT_MIN,SRC_TO_DST_IAT_MAX,SRC_TO_DST_IAT_AVG,SRC_TO_DST_IAT_STDDEV,DST_TO_SRC_IAT_MIN,DST_TO_SRC_IAT_MAX,DST_TO_SRC_IAT_AVG,DST_TO_SRC_IAT_STDDEV,PREDICAO_CLASSE,GRAU_CONFIANCA,ROTA_SAIDA_EXIT
192.168.0.111,172.217.30.99,58190,443,17,188.0,258,252,3,3,159,0,0,0,107,131,64,64,143,52,52,143,"194,64","200,52",0,0,0,0,12900,12600,4,2,0,0,0,0,0,0,0,0,0,0,0,1781376309913,1781376310072,53,53,53,0,53,77,65,12,1,0.53082675,-1
192.168.0.111,199.232.13.91,33606,443,6,91.0,247,232,4,4,23,29,29,25,23,7,64,64,91,40,40,91,247,232,40,1,0,0,82333,77333,8,0,0,0,0,63,282,10240,40,0,0,0,0,1781376311626,1781376311650,0,23,7,10,0,6,2,2,0,0.8040759,-1
192.168.0.111,216.239.36.223,49380,443,6,91.0,52,52,1,1,30,16,16,16,0,0,0,0,52,52,52,52,52,52,0,0,0,0,13419,13419,2,0,0,0,0,67,11264,0,0,0,0,0,0,1781376312376,1781376312406,0,0,0,0,0,0,0,0,0,0.97995204,2
0.0.0.0,0.0.0.0,0,0,58,102.0,600,0,3,0,6041,0,0,0,6041,0,255,255,200,200,0,200,"200,,,200,,,200",",,,,,,,",0,0,0,0,794,0,0,3,0,0,0,0,0,34304,134,0,0,0,0,1781376307927,1781376313969,2969,3072,3020,51,0,0,0,0,1,0.54947793,-1
0.0.0.0,0.0.0.0,0,0,58,102.0,936,0,6,0,6141,0,0,0,6141,0,1,1,156,156,0,156,"156,156,,156,156,,156,156",",,,,,,,,",0,0,0,0,1219,0,0,6,0,0,0,0,0,36608,143,0,0,0,0,1781376307930,1781376314071,98,2694,1227,1152,0,0,0,0,0,0.9452371,2
192.168.0.111,181.213.132.2,1878,53,17,5.0,60,85,1,1,21,0,0,0,0,0,0,0,85,60,60,85,"60,",",,85",0,0,0,0,21818,30909,2,0,0,0,0,0,0,0,0,0,65,0,0,1781376314995,1781376315016,0,0,0,0,0,0,0,0,1,0.89212847,2
192.168.0.111,181.213.132.2,57522,53,17,5.0,60,188,1,1,21,0,0,0,0,0,0,0,188,60,60,188,"60,",",,188",0,0,0,0,21818,68363,1,1,0,0,0,0,0,0,0,0,1,300,0,1781376314995,1781376315016,0,0,0,0,0,0,0,0,1,0.7817398,-1
192.168.0.111,181.213.132.2,12846,53,17,5.0,71,157,1,1,19,0,0,0,0,0,0,0,157,71,71,157,71,157,0,0,0,0,28400,62800,1,1,0,0,0,0,0,0,0,0,65,0,0,1781376315060,1781376315080,0,0,0,0,0,0,0,0,1,0.9376408,2
192.168.0.111,181.213.132.2,1876,53,17,5.0,71,116,1,1,19,0,0,0,0,0,0,0,116,71,71,116,71,116,0,0,0,0,28400,46400,2,0,0,0,0,0,0,0,0,0,1,100,0,1781376315060,1781376315080,0,0,0,0,0,0,0,0,1,0.7495824,-1
192.168.0.111,181.213.132.2,38842,53,17,5.0,60,125,1,1,41,0,0,0,0,0,0,0,125,60,60,125,60,125,0,0,0,0,11428,23809,2,0,0,0,0,0,0,0,0,0,65,0,0,1781376315078,1781376315119,0,0,0,0,0,0,0,0,1,0.89730746,2
192.168.0.111,181.213.132.2,17223,53,17,5.0,60,76,1,1,43,0,0,0,0,0,0,0,76,60,60,76,60,76,0,0,0,0,10909,13818,2,0,0,0,0,0,0,0,0,0,1,60,0,1781376315078,1781376315121,0,0,0,0,0,0,0,0,1,0.62675494,-1
192.168.0.111,181.213.132.2,52319,53,17,5.0,66,164,1,1,44,0,0,0,0,0,0,0,164,66,66,164,66,164,0,0,0,0,11733,29155,1,1,0,0,0,0,0,0,0,0,65,0,0,1781376315083,1781376315128,0,0,0,0,0,0,0,0,1,0.9425814,2
192.168.0.111,181.213.132.2,8799,53,17,5.0,66,115,1,1,44,0,0,0,0,0,0,0,115,66,66,115,66,115,0,0,0,0,11733,20444,2,0,0,0,0,0,0,0,0,0,1,60,0,1781376315083,1781376315128,0,0,0,0,0,0,0,0,1,0.7223144,-1
192.168.0.111,4.228.31.149,50916,443,6,91.203,3704,4854,12,10,284,26,26,26,266,254,64,64,2900,52,52,2900,3704,4854,0,0,0,0,103971,136252,12,4,2,0,3,64240,65535,0,0,0,0,0,0,1781376315121,1781376315406,0,167,24,47,0,99,28,32,1,0.9393922,2
192.168.0.111,142.251.156.119,42098,443,6,91.126,3342,4055,12,15,279,26,26,26,249,240,64,64,1544,52,52,1544,3342,4055,0,0,0,0,95485,115857,20,1,1,2,2,64240,65535,0,0,0,0,0,0,1781376315210,1781376315489,0,94,22,34,0,64,16,22,0,0.88338286,2
192.168.0.111,142.251.156.119,42084,443,6,91.126,3487,4174,12,15,306,26,26,26,283,262,64,64,1544,52,52,1544,3487,4174,0,0,0,0,90866,108768,19,2,1,2,2,64240,65535,0,0,0,0,0,0,1781376315182,1781376315489,0,104,25,38,0,74,18,23,0,0.83518064,-1
192.168.0.111,181.213.132.2,24888,53,17,5.0,74,124,1,1,17,0,0,0,0,0,0,0,124,74,74,124,74,124,0,0,0,0,32888,55111,2,0,0,0,0,0,0,0,0,0,65,0,0,1781376315484,1781376315502,0,0,0,0,0,0,0,0,1,0.854684,2
192.168.0.111,181.213.132.2,28585,53,17,5.0,74,90,1,1,23,0,0,0,0,0,0,0,90,74,74,90,74,90,0,0,0,0,24666,30000,2,0,0,0,0,0,0,0,0,0,1,300,0,1781376315484,1781376315508,0,0,0,0,0,0,0,0,1,0.7213138,-1
192.168.0.111,142.251.133.202,46653,443,17,188.126,2661,0,3,0,0,0,0,0,0,0,64,64,1278,105,0,1278,2661,",",0,0,0,0,21288000,0,1,0,0,0,2,0,0,0,0,0,0,0,0,1781376315768,1781376315768,0,0,0,0,0,0,0,0,1,0.8986765,1
192.168.0.111,142.251.156.119,42082,443,6,91.126,9281,47039,33,38,745,26,26,26,706,710,64,64,2852,52,52,2852,9281,47039,0,0,0,0,99528,504439,40,3,3,3,8,64240,65535,0,0,0,0,0,0,1781376315030,1781376315775,0,221,21,46,0,225,18,40,1,0.9469228,2
192.168.0.111,142.251.133.202,52602,443,17,188.126,7545,9810,13,14,275,0,0,0,275,237,64,64,1278,49,49,1278,7545,9810,0,0,0,0,218695,284347,9,2,4,1,11,0,0,0,0,0,0,0,0,1781376315508,1781376315784,0,120,22,36,0,166,18,44,0,0.7434878,-1
192.168.0.111,140.82.112.21,55900,443,6,91.203,13186,7568,20,17,660,26,26,26,511,504,64,64,2900,52,52,2900,13186,7568,0,0,0,0,159588,91594,20,4,1,1,9,64240,65535,0,0,0,0,0,0,1781376315128,1781376315789,0,158,26,54,0,157,31,58,0,0.8231889,-1
192.168.0.111,172.217.28.65,36176,443,17,188.126,19400,1943100,203,1538,711,0,0,0,709,661,64,64,1278,53,53,1278,19400,1943100,0,0,0,0,217977,21832584,201,2,5,27,1506,0,0,0,0,0,0,0,0,1781376315081,1781376315792,0,169,3,13,0,215,0,5,0,0.97039187,1
142.251.133.202,192.168.0.111,443,52602,17,188.0,257,63,3,1,18,0,0,0,18,0,55,55,149,53,53,149,257,63,0,0,0,0,108210,26526,3,1,0,0,0,0,0,0,0,0,0,0,0,1781376315802,1781376315820,18,18,9,9,0,0,0,0,0,0.6568357,-1
172.217.28.65,192.168.0.111,443,36176,17,188.0,582347,3004,460,49,78,0,0,0,78,75,55,55,1278,54,54,1278,582347,3004,0,0,0,0,58971848,304202,50,0,0,14,445,0,0,0,0,0,0,0,0,1781376315792,1781376315871,0,24,0,1,0,17,1,3,1,0.86359674,2
192.168.0.111,181.213.132.2,22924,53,17,5.0,76,141,1,1,24,0,0,0,0,0,0,0,141,76,76,141,76,141,0,0,0,0,24320,45120,1,1,0,0,0,0,0,0,0,0,65,0,0,1781376315937,1781376315962,0,0,0,0,0,0,0,0,1,0.93030083,2
192.168.0.111,181.213.132.2,9574,53,17,5.0,76,183,1,1,31,0,0,0,0,0,0,0,183,76,76,183,76,183,0,0,0,0,19000,45750,1,1,0,0,0,0,0,0,0,0,1,60,0,1781376315938,1781376315969,0,0,0,0,0,0,0,0,1,0.7816528,-1
192.168.0.111,216.239.36.223,33538,443,6,91.0,52,52,1,1,39,16,16,16,0,0,0,0,52,52,52,52,52,52,0,0,0,0,10400,10400,2,0,0,0,0,67,1031,0,0,0,0,0,0,1781376315959,1781376315999,0,0,0,0,0,0,0,0,0,0.9796752,2
192.168.0.111,18.67.162.125,36814,443,6,91.0,5307,2465,12,10,135,26,26,26,112,103,64,64,1480,52,52,1480,"60,5247",",,2465",0,0,0,0,312176,145000,14,2,1,1,4,64240,65535,0,0,0,0,0,0,1781376315970,1781376316106,0,36,9,14,0,37,11,14,0,0.8306969,-1
192.168.0.111,181.213.132.2,13425,53,17,5.0,72,129,1,1,17,0,0,0,0,0,0,0,129,72,72,129,72,129,0,0,0,0,32000,57333,1,1,0,0,0,0,0,0,0,0,65,0,0,1781376316160,1781376316178,0,0,0,0,0,0,0,0,1,0.9242064,2
192.168.0.111,181.213.132.2,17571,53,17,5.0,72,88,1,1,25,0,0,0,0,0,0,0,88,72,72,88,72,88,0,0,0,0,22153,27076,2,0,0,0,0,0,0,0,0,0,1,300,0,1781376316160,1781376316186,0,0,0,0,0,0,0,0,1,0.7086427,-1
142.251.133.202,192.168.0.111,443,46653,17,188.0,9342,6774,17,12,397,0,0,0,397,320,55,55,1278,52,52,1278,"2624,6718","2556,4218",0,0,0,0,187778,136160,12,3,2,2,10,0,0,0,0,0,0,0,0,1781376315816,1781376316213,0,172,24,44,0,163,28,47,1,0.93978393,2
192.168.0.111,185.199.109.133,34044,443,6,91.0,52,52,1,1,15,16,16,16,0,0,0,0,52,52,52,52,52,52,0,0,0,0,26000,26000,2,0,0,0,0,69,279,0,0,0,0,0,0,1781376316471,1781376316487,0,0,0,0,0,0,0,0,0,0.9797737,2
192.168.0.111,181.213.132.2,23439,53,17,5.0,61,111,1,1,21,0,0,0,0,0,0,0,111,61,61,111,61,111,0,0,0,0,22181,40363,2,0,0,0,0,0,0,0,0,0,65,0,0,1781376316473,1781376316495,0,0,0,0,0,0,0,0,1,0.8879638,2
192.168.0.111,181.213.132.2,27209,53,17,5.0,61,77,1,1,21,0,0,0,0,0,0,0,77,61,61,77,61,77,0,0,0,0,22181,28000,2,0,0,0,0,0,0,0,0,0,1,120,0,1781376316473,1781376316495,0,0,0,0,0,0,0,0,1,0.6745188,-1
192.168.0.111,172.217.162.174,55481,443,17,188.126,7764,13401,16,20,358,0,0,0,299,322,64,64,1278,51,51,1278,7764,13401,0,0,0,0,173013,298629,13,4,3,3,13,0,0,0,0,0,0,0,0,1781376316187,1781376316546,0,116,19,33,0,176,16,41,0,0.5405335,-1
192.168.0.111,142.250.79.206,53054,443,17,188.228,7568,9329,14,16,261,0,0,0,261,234,64,64,1278,49,49,1278,7568,9329,0,0,0,0,231083,284854,11,3,4,2,10,0,0,0,0,0,0,0,0,1781376316496,1781376316758,0,74,19,27,0,142,15,36,0,0.91246426,2
192.168.0.111,140.82.114.22,53610,443,6,91.0,52,52,1,1,160,16,16,16,0,0,0,0,52,52,52,52,52,52,0,0,0,0,2583,2583,2,0,0,0,0,68,84,0,0,0,0,0,0,1781376316599,1781376316760,0,0,0,0,0,0,0,0,0,0.9743639,2
0.0.0.0,0.0.0.0,0,0,58,102.0,200,0,1,0,0,0,0,0,0,0,0,0,200,200,0,200,200,",",0,0,0,0,1600000,0,0,1,0,0,0,0,0,34304,134,0,0,0,0,1781376316939,1781376316939,0,0,0,0,0,0,0,0,0,0.85565335,1
192.168.0.111,181.213.132.2,4126,53,17,5.0,64,142,1,1,21,0,0,0,0,0,0,0,142,64,64,142,64,142,0,0,0,0,23272,51636,1,1,0,0,0,0,0,0,0,0,65,0,0,1781376316919,1781376316941,0,0,0,0,0,0,0,0,1,0.94192564,2
192.168.0.111,181.213.132.2,64515,53,17,5.0,64,192,1,1,21,0,0,0,0,0,0,0,192,64,64,192,64,192,0,0,0,0,23272,69818,1,1,0,0,0,0,0,0,0,0,1,60,0,1781376316919,1781376316941,0,0,0,0,0,0,0,0,1,0.7809364,-1
192.168.0.111,107.182.232.230,43824,443,6,91.0,3112,1568,8,5,622,26,26,26,622,391,64,64,1500,52,52,1500,"3060,52","1568,",0,0,0,0,39961,20134,8,0,1,3,1,64240,65160,0,0,0,0,0,0,1781376316401,1781376317024,0,240,88,103,0,191,97,91,1,0.9798868,2
192.168.0.111,107.182.232.230,43810,443,6,91.0,3113,1817,8,5,631,26,26,26,631,394,64,64,1500,52,52,1500,"3061,52","1817,",0,0,0,0,39405,23000,8,0,1,2,2,64240,65160,0,0,0,0,0,0,1781376316397,1781376317029,0,237,90,104,0,196,98,93,1,0.9803515,2
192.168.0.111,181.213.132.2,19553,53,17,5.0,81,138,1,1,28,0,0,0,0,0,0,0,138,81,81,138,81,138,0,0,0,0,22344,38068,1,1,0,0,0,0,0,0,0,0,65,0,0,1781376317071,1781376317099,0,0,0,0,0,0,0,0,1,0.9293833,2
192.168.0.111,181.213.132.2,3171,53,17,5.0,81,145,1,1,28,0,0,0,0,0,0,0,145,81,81,145,81,145,0,0,0,0,22344,40000,1,1,0,0,0,0,0,0,0,0,1,300,0,1781376317071,1781376317099,0,0,0,0,0,0,0,0,1,0.7778455,-1
192.168.0.111,142.250.79.206,49740,443,17,188.228,9771,8927,15,17,432,0,0,0,375,399,64,64,1278,52,52,1278,"9586,185","7789,1138",0,0,0,0,180526,164933,12,4,2,2,12,0,0,0,0,0,0,0,0,1781376316724,1781376317157,0,103,26,36,0,190,24,47,1,0.9665451,2
0.0.0.0,0.0.0.0,0,0,58,102.0,312,0,2,0,474,0,0,0,474,0,1,1,156,156,0,156,"156,156",",,",0,0,0,0,5254,0,0,2,0,0,0,0,0,36608,143,0,0,0,0,1781376316941,1781376317415,474,474,474,0,0,0,0,0,0,0.8848644,1
192.168.0.111,181.213.132.2,35874,53,17,5.0,65,139,1,1,24,0,0,0,0,0,0,0,139,65,65,139,65,139,0,0,0,0,20800,44480,1,1,0,0,0,0,0,0,0,0,65,0,0,1781376317457,1781376317481,0,0,0,0,0,0,0,0,1,0.94240385,2
192.168.0.111,181.213.132.2,17722,53,17,5.0,65,105,1,1,30,0,0,0,0,0,0,0,105,65,65,105,65,105,0,0,0,0,16774,27096,2,0,0,0,0,0,0,0,0,0,1,21,0,1781376317457,1781376317488,0,0,0,0,0,0,0,0,1,0.7276361,-1
192.168.0.111,181.213.132.2,62825,53,17,5.0,70,95,1,1,21,0,0,0,0,0,0,0,95,70,70,95,70,95,0,0,0,0,25454,34545,2,0,0,0,0,0,0,0,0,0,65,0,0,1781376317564,1781376317586,0,0,0,0,0,0,0,0,1,0.88097435,2
192.168.0.111,181.213.132.2,43347,53,17,5.0,70,86,1,1,21,0,0,0,0,0,0,0,86,70,70,86,70,86,0,0,0,0,25454,31272,2,0,0,0,0,0,0,0,0,0,1,300,0,1781376317564,1781376317586,0,0,0,0,0,0,0,0,1,0.71332765,-1
192.168.0.111,181.213.132.2,3328,53,17,5.0,70,127,1,1,13,0,0,0,0,0,0,0,127,70,70,127,70,127,0,0,0,0,40000,72571,2,0,0,0,0,0,0,0,0,0,65,0,0,1781376317597,1781376317610,0,0,0,0,0,0,0,0,1,0.83253455,-1
192.168.0.111,181.213.132.2,55089,53,17,5.0,70,86,1,1,20,0,0,0,0,0,0,0,86,70,70,86,70,86,0,0,0,0,26666,32761,2,0,0,0,0,0,0,0,0,0,1,113,0,1781376317597,1781376317617,0,0,0,0,0,0,0,0,1,0.7162752,-1
192.168.0.111,181.213.132.2,55628,53,17,5.0,61,118,1,1,18,0,0,0,0,0,0,0,118,61,61,118,61,118,0,0,0,0,25684,49684,2,0,0,0,0,0,0,0,0,0,65,0,0,1781376317601,1781376317619,0,0,0,0,0,0,0,0,1,0.8799844,2
192.168.0.111,181.213.132.2,17064,53,17,5.0,61,77,1,1,18,0,0,0,0,0,0,0,77,61,61,77,61,77,0,0,0,0,25684,32421,2,0,0,0,0,0,0,0,0,0,1,109,0,1781376317601,1781376317619,0,0,0,0,0,0,0,0,1,0.68619156,-1
192.168.0.111,181.213.132.2,7864,53,17,5.0,74,124,1,1,13,0,0,0,0,0,0,0,124,74,74,124,74,124,0,0,0,0,42285,70857,2,0,0,0,0,0,0,0,0,0,65,0,0,1781376317707,1781376317721,0,0,0,0,0,0,0,0,1,0.8205534,-1
192.168.0.111,181.213.132.2,53042,53,17,5.0,74,90,1,1,17,0,0,0,0,0,0,0,90,74,74,90,74,90,0,0,0,0,32888,40000,2,0,0,0,0,0,0,0,0,0,1,300,0,1781376317707,1781376317725,0,0,0,0,0,0,0,0,1,0.7299631,-1
192.168.0.111,52.7.130.227,52984,443,6,91.0,6075,6437,12,11,828,26,26,26,828,625,64,64,2948,52,52,2948,"60,6015",",,6437",0,0,0,0,58624,62118,13,1,0,4,3,64240,26847,0,0,0,0,0,0,1781376316941,1781376317769,0,296,74,101,0,196,62,79,1,0.9957176,2
192.168.0.111,172.217.30.136,47047,443,17,188.239,7973,8776,16,18,227,0,0,0,227,195,64,64,1278,49,49,1278,7973,8776,0,0,0,0,279754,307929,16,4,2,2,10,0,0,0,0,0,0,0,0,1781376317618,1781376317845,0,116,15,30,0,157,11,36,0,0.93592817,2
192.168.0.111,172.217.29.227,43215,443,17,188.126,6464,9772,11,15,228,0,0,0,228,192,64,64,1278,51,51,1278,6464,9772,0,0,0,0,225816,341379,9,3,2,2,10,0,0,0,0,0,0,0,0,1781376317621,1781376317849,0,104,22,34,0,105,13,29,0,0.9394287,2
192.168.0.111,142.250.79.194,38059,443,17,188.126,7996,8748,13,14,262,0,0,0,262,227,64,64,1278,49,49,1278,7996,8748,0,0,0,0,243224,266098,10,2,3,2,10,0,0,0,0,0,0,0,0,1781376317587,1781376317850,0,106,21,32,0,141,17,38,1,0.70489436,-1
192.168.0.111,181.213.132.2,5795,53,17,5.0,80,137,1,1,17,0,0,0,0,0,0,0,137,80,80,137,80,137,0,0,0,0,35555,60888,1,1,0,0,0,0,0,0,0,0,65,0,0,1781376317865,1781376317882,0,0,0,0,0,0,0,0,1,0.9046781,2
192.168.0.111,181.213.132.2,13464,53,17,5.0,80,144,1,1,23,0,0,0,0,0,0,0,144,80,80,144,80,144,0,0,0,0,26666,48000,1,1,0,0,0,0,0,0,0,0,1,300,0,1781376317865,1781376317888,0,0,0,0,0,0,0,0,1,0.781091,-1
192.168.0.111,142.251.133.202,42521,443,17,188.126,7467,8723,13,14,252,0,0,0,252,224,64,64,1278,49,49,1278,7467,8723,0,0,0,0,236110,275826,10,2,4,1,10,0,0,0,0,0,0,0,0,1781376317725,1781376317978,0,73,20,26,0,145,17,39,1,0.5875939,-1
192.168.0.111,142.251.133.202,50868,443,17,188.126,10394,9637,16,19,422,0,0,0,371,391,64,64,1278,52,52,1278,"2663,7731","1346,8291",0,0,0,0,196576,182260,14,4,2,3,12,0,0,0,0,0,0,0,0,1781376317953,1781376318376,0,91,24,32,0,183,21,43,1,0.8547637,2
192.168.0.111,216.239.34.223,43095,443,17,188.239,6458,6729,12,14,535,0,0,0,483,498,64,64,1278,52,52,1278,"5219,1239","2624,4105",0,0,0,0,96388,100432,12,2,2,3,7,0,0,0,0,0,0,0,0,1781376317889,1781376318424,0,226,43,66,0,251,38,69,1,0.9963833,2
192.168.0.111,216.239.36.223,46310,443,6,91.0,52,52,1,1,28,16,16,16,0,0,0,0,52,52,52,52,52,52,0,0,0,0,14344,14344,2,0,0,0,0,67,11010,0,0,0,0,0,0,1781376318519,1781376318548,0,0,0,0,0,0,0,0,0,0.97999483,2
192.168.0.111,172.217.29.206,44771,443,17,188.126,12656,9914,21,23,1152,0,0,0,1127,1121,64,64,1278,52,52,1278,"10518,2138","9032,882",0,0,0,0,87812,68787,20,3,5,3,13,0,0,0,0,0,0,0,0,1781376317488,1781376318641,0,512,56,113,0,506,50,110,1,0.97479105,2
192.168.0.111,172.217.172.170,60931,443,17,188.0,57,53,1,1,32,0,0,0,0,0,0,0,57,53,53,57,57,53,0,0,0,0,13818,12848,2,0,0,0,0,0,0,0,0,0,0,0,0,1781376318739,1781376318771,0,0,0,0,0,0,0,0,1,0.5336289,-1
192.168.0.111,181.213.132.2,1870,53,17,5.0,61,110,1,1,17,0,0,0,0,0,0,0,110,61,61,110,61,110,0,0,0,0,27111,48888,2,0,0,0,0,0,0,0,0,0,65,0,0,1781376318807,1781376318824,0,0,0,0,0,0,0,0,1,0.87871695,2
192.168.0.111,181.213.132.2,11338,53,17,5.0,61,351,1,1,25,0,0,0,0,0,0,0,351,61,61,351,61,351,0,0,0,0,18769,108000,1,0,1,0,0,0,0,0,0,0,1,274,0,1781376318807,1781376318833,0,0,0,0,0,0,0,0,1,0.84129953,-1
192.168.0.111,181.213.132.2,16219,53,17,5.0,61,110,1,1,20,0,0,0,0,0,0,0,110,61,61,110,61,110,0,0,0,0,23238,41904,2,0,0,0,0,0,0,0,0,0,65,0,0,1781376318820,1781376318841,0,0,0,0,0,0,0,0,1,0.8862983,2
192.168.0.111,181.213.132.2,37843,53,17,5.0,61,351,1,1,27,0,0,0,0,0,0,0,351,61,61,351,61,351,0,0,0,0,17428,100285,1,0,1,0,0,0,0,0,0,0,1,274,0,1781376318820,1781376318848,0,0,0,0,0,0,0,0,1,0.841494,-1
192.168.0.111,181.213.132.2,26627,53,17,5.0,61,111,1,1,18,0,0,0,0,0,0,0,111,61,61,111,61,111,0,0,0,0,25684,46736,2,0,0,0,0,0,0,0,0,0,65,0,0,1781376318863,1781376318881,0,0,0,0,0,0,0,0,1,0.8817565,2
192.168.0.111,181.213.132.2,21364,53,17,5.0,61,77,1,1,23,0,0,0,0,0,0,0,77,61,61,77,61,77,0,0,0,0,20333,25666,2,0,0,0,0,0,0,0,0,0,1,120,0,1781376318863,1781376318887,0,0,0,0,0,0,0,0,1,0.66772974,-1
192.168.0.111,142.250.79.206,59478,443,17,188.228,6500,2624,6,3,175,0,0,0,175,54,64,64,1278,68,68,1278,"5222,1278","2624,",0,0,0,0,295454,119272,2,0,0,0,7,0,0,0,0,0,0,0,0,1781376318887,1781376319063,17,90,34,36,5,48,26,21,1,0.80020297,-1
192.168.0.111,142.250.78.110,46585,443,17,188.124,6867,8316,10,12,239,0,0,0,239,208,64,64,1278,53,53,1278,"5222,1645","136,8180",0,0,0,0,228900,277200,7,2,2,1,10,0,0,0,0,0,0,0,0,1781376318836,1781376319075,0,115,26,36,0,170,18,48,1,0.5071653,-1
192.168.0.111,142.250.78.110,36777,443,17,188.124,5686,10620,9,12,231,0,0,0,231,190,64,64,1278,53,53,1278,"5112,574","2624,7996",0,0,0,0,196068,366206,5,3,1,1,11,0,0,0,0,0,0,0,0,1781376318849,1781376319081,0,110,28,35,0,148,17,42,0,0.7799742,-1
192.168.0.111,181.213.132.2,26222,53,17,5.0,73,98,1,1,16,0,0,0,0,0,0,0,98,73,73,98,73,98,0,0,0,0,34352,46117,2,0,0,0,0,0,0,0,0,0,65,0,0,1781376319065,1781376319082,0,0,0,0,0,0,0,0,1,0.85651696,2
192.168.0.111,181.213.132.2,58960,53,17,5.0,73,89,1,1,18,0,0,0,0,0,0,0,89,73,73,89,73,89,0,0,0,0,30736,37473,2,0,0,0,0,0,0,0,0,0,1,55,0,1781376319065,1781376319084,0,0,0,0,0,0,0,0,1,0.72819084,-1
192.168.0.111,142.250.78.110,60150,443,6,91.124,5504,8081,14,13,203,26,26,26,171,162,64,64,2852,52,52,2852,"1973,3531","112,7969",0,0,0,0,215843,316901,18,1,1,2,3,64240,65535,0,0,0,0,0,0,1781376318893,1781376319096,0,93,12,26,0,58,13,19,0,0.97424954,2
192.168.0.111,172.217.29.226,56972,443,17,188.0,4470,2692,5,4,44,0,0,0,3,3,64,64,1278,68,68,1278,4470,2692,0,0,0,0,794666,478577,3,0,0,1,5,0,0,0,0,0,0,0,0,1781376319085,1781376319130,0,2,0,0,0,2,1,0,1,0.99662316,2
192.168.0.111,142.251.156.119,42082,443,6,91.0,142137,1093467,306,553,3278,24,24,24,3278,3249,64,64,16852,52,52,16852,"639,1303,36285,82481,21429","2586,9550,704236,363654,13441",0,0,0,0,346781,2667806,325,20,25,34,327,321,1025,0,0,0,0,0,0,1781376315868,1781376319147,0,642,10,45,0,670,5,34,1,0.868797,1
192.168.0.111,216.239.38.223,39033,443,17,188.239,8414,22907,20,30,2047,0,0,0,2047,2002,64,64,1278,52,52,1278,"8050,242,122","14406,56,8445",0,0,0,0,32867,89480,20,3,4,3,20,0,0,0,0,0,0,0,0,1781376317101,1781376319148,0,1048,107,238,0,1061,68,206,1,0.59299356,-1
192.168.0.111,216.239.38.223,39033,443,17,188.0,118,52,2,1,55,0,0,0,0,0,64,64,59,52,52,59,118,52,0,0,0,0,16857,7428,3,0,0,0,0,0,0,0,0,0,0,0,0,1781376319148,1781376319204,0,0,0,0,0,0,0,0,1,0.5606682,-1
192.168.0.111,181.213.132.2,58568,53,17,5.0,57,114,1,1,23,0,0,0,0,0,0,0,114,57,57,114,57,114,0,0,0,0,19000,38000,2,0,0,0,0,0,0,0,0,0,65,0,0,1781376319219,1781376319243,0,0,0,0,0,0,0,0,1,0.8927988,2
192.168.0.111,181.213.132.2,59471,53,17,5.0,57,313,1,1,25,0,0,0,0,0,0,0,313,57,57,313,57,313,0,0,0,0,17538,96307,1,0,1,0,0,0,0,0,0,0,1,223,0,1781376319220,1781376319245,0,0,0,0,0,0,0,0,1,0.8382632,-1
192.168.0.111,181.213.132.2,16904,53,17,5.0,63,88,1,1,17,0,0,0,0,0,0,0,88,63,63,88,63,88,0,0,0,0,28000,39111,2,0,0,0,0,0,0,0,0,0,65,0,0,1781376319289,1781376319307,0,0,0,0,0,0,0,0,1,0.87841254,2
192.168.0.111,181.213.132.2,64069,53,17,5.0,63,79,1,1,23,0,0,0,0,0,0,0,79,63,63,79,63,79,0,0,0,0,21000,26333,2,0,0,0,0,0,0,0,0,0,1,300,0,1781376319289,1781376319312,0,0,0,0,0,0,0,0,1,0.6765711,-1
142.250.79.206,192.168.0.111,443,59478,17,188.0,6612,4412,15,11,157,0,0,0,157,106,55,55,1278,52,52,1278,6612,4412,0,0,0,0,334784,223392,12,3,2,4,5,0,0,0,0,0,0,0,0,1781376319179,1781376319337,0,70,11,21,28,44,10,16,0,0.7077041,-1
192.168.0.111,172.217.29.226,56972,443,17,188.0,4663,16587,13,19,184,0,0,0,184,166,64,64,1278,53,53,1278,4663,16587,0,0,0,0,201643,717275,11,3,2,2,14,0,0,0,0,0,0,0,0,1781376319159,1781376319343,0,115,15,31,0,138,9,31,0,0.9926958,2
192.168.0.111,142.251.156.119,42082,443,6,91.0,28154,32926,34,42,232,24,24,24,199,225,64,64,12652,52,52,12652,28154,32926,0,0,0,0,966660,1130506,38,5,5,5,18,321,873,0,0,0,0,0,0,1781376319148,1781376319380,0,68,5,14,0,41,5,11,1,0.9958429,2
192.168.0.111,181.213.132.2,56002,53,17,5.0,66,82,1,1,23,0,0,0,0,0,0,0,82,66,66,82,66,82,0,0,0,0,22000,27333,2,0,0,0,0,0,0,0,0,0,1,300,0,1781376319413,1781376319436,0,0,0,0,0,0,0,0,1,0.6898685,-1
192.168.0.111,181.213.132.2,3415,53,17,5.0,66,123,1,1,25,0,0,0,0,0,0,0,123,66,66,123,66,123,0,0,0,0,20307,37846,2,0,0,0,0,0,0,0,0,0,65,0,0,1781376319413,1781376319438,0,0,0,0,0,0,0,0,1,0.8866375,2
192.168.0.111,142.251.135.227,60928,443,17,188.126,4032,5180,6,5,130,0,0,0,130,50,64,64,1278,65,65,1278,4032,5180,0,0,0,0,246229,316335,4,0,0,0,7,0,0,0,0,0,0,0,0,1781376319313,1781376319444,17,44,25,15,0,49,12,21,1,0.5269565,-1
192.168.0.111,172.217.172.150,60830,443,6,91.124,3632,7558,13,12,179,26,26,26,153,150,64,64,2852,52,52,2852,3632,7558,0,0,0,0,161422,335911,16,2,2,2,1,64240,65535,0,0,0,0,0,0,1781376319295,1781376319475,0,87,12,24,0,55,13,19,0,0.95090425,2
192.168.0.111,172.217.172.150,55873,443,17,188.124,6964,13247,10,14,240,0,0,0,240,212,64,64,1278,54,54,1278,6964,13247,0,0,0,0,231170,439734,5,3,1,1,14,0,0,0,0,0,0,0,0,1781376319246,1781376319487,0,108,26,34,0,171,16,45,0,0.95570654,2
192.168.0.111,172.217.172.150,47631,443,17,188.124,5390,13778,15,20,251,0,0,0,232,218,64,64,1278,53,53,1278,5390,13778,0,0,0,0,171111,437396,12,9,0,2,12,0,0,0,0,0,0,0,0,1781376319248,1781376319500,0,77,16,21,0,119,11,27,0,0.91020703,2
142.250.78.110,192.168.0.111,443,60150,6,91.0,142112,1859,65,35,317,24,24,24,317,289,119,119,2852,52,52,2852,142112,1859,0,0,0,0,3575144,46767,36,2,1,2,17,1034,92,0,0,0,0,0,0,1781376319189,1781376319507,0,190,4,23,0,148,8,25,1,0.9966274,2
192.168.0.111,142.250.219.202,36627,443,17,188.239,3834,1346,3,2,76,0,0,0,76,5,64,64,1278,68,68,1278,3834,1346,0,0,0,0,398337,139844,1,0,0,0,4,0,0,0,0,0,0,0,0,1781376319440,1781376319517,76,76,38,38,5,5,5,0,1,0.84990764,-1
192.168.0.111,142.250.78.110,36777,443,17,188.0,14369,1856178,186,1465,326,0,0,0,326,288,64,64,1278,53,53,1278,14369,1856178,0,0,0,0,351535,45411082,185,0,4,28,1434,0,0,0,0,0,0,0,0,1781376319216,1781376319542,0,41,1,3,0,16,0,0,0,0.95413065,1
192.168.0.111,142.251.135.227,60928,443,17,188.0,1298,9236,14,13,63,0,0,0,63,40,64,64,1278,53,53,1278,1298,9236,0,0,0,0,162250,1154500,14,6,0,1,6,0,0,0,0,0,0,0,0,1781376319566,1781376319630,0,35,4,10,0,35,3,9,0,0.90476614,2
192.168.0.111,216.239.36.223,46326,443,6,91.0,52,52,1,1,35,16,16,16,0,0,0,0,52,52,52,52,52,52,0,0,0,0,11555,11555,2,0,0,0,0,67,1322,0,0,0,0,0,0,1781376320055,1781376320091,0,0,0,0,0,0,0,0,0,0.9798116,2
192.168.0.111,181.213.132.2,11473,53,17,5.0,73,98,1,1,33,0,0,0,0,0,0,0,98,73,73,98,73,98,0,0,0,0,17176,23058,2,0,0,0,0,0,0,0,0,0,65,0,0,1781376320248,1781376320281,0,0,0,0,0,0,0,0,1,0.8909045,2
192.168.0.111,181.213.132.2,60790,53,17,5.0,73,89,1,1,39,0,0,0,0,0,0,0,89,73,73,89,73,89,0,0,0,0,14600,17800,2,0,0,0,0,0,0,0,0,0,1,300,0,1781376320248,1781376320287,0,0,0,0,0,0,0,0,1,0.6822722,-1
192.168.0.111,172.217.30.34,51848,443,6,91.126,3685,8082,14,16,230,26,26,26,197,203,64,64,2852,52,52,2852,3685,8082,0,0,0,0,127619,279896,22,1,1,1,3,64240,65535,0,0,0,0,0,0,1781376320347,1781376320578,0,83,14,25,0,50,13,16,0,0.88508797,2
192.168.0.111,181.213.132.2,41534,53,17,5.0,60,85,1,1,23,0,0,0,0,0,0,0,85,60,60,85,60,85,0,0,0,0,20000,28333,2,0,0,0,0,0,0,0,0,0,65,0,0,1781376320652,1781376320676,0,0,0,0,0,0,0,0,1,0.8958196,2
192.168.0.111,181.213.132.2,27287,53,17,5.0,60,188,1,1,30,0,0,0,0,0,0,0,188,60,60,188,60,188,0,0,0,0,15483,48516,1,1,0,0,0,0,0,0,0,0,1,300,0,1781376320652,1781376320682,0,0,0,0,0,0,0,0,1,0.78143936,-1
192.168.0.111,181.213.132.2,28422,53,17,5.0,77,134,1,1,21,0,0,0,0,0,0,0,134,77,77,134,77,134,0,0,0,0,28000,48727,1,1,0,0,0,0,0,0,0,0,65,0,0,1781376320820,1781376320841,0,0,0,0,0,0,0,0,1,0.92434263,2
192.168.0.111,181.213.132.2,59280,53,17,5.0,77,141,1,1,20,0,0,0,0,0,0,0,141,77,77,141,77,141,0,0,0,0,29333,53714,1,1,0,0,0,0,0,0,0,0,1,300,0,1781376320820,1781376320841,0,0,0,0,0,0,0,0,1,0.78141683,-1
192.168.0.111,142.250.219.202,36627,443,17,188.0,4649,15023,17,20,1263,0,0,0,1263,1191,64,64,1278,51,51,1278,"3158,1491","11559,3464",0,0,0,0,29424,95082,17,5,0,3,12,0,0,0,0,0,0,0,0,1781376319653,1781376320917,0,1042,78,249,0,1075,62,238,1,0.64009017,-1
192.168.0.111,142.251.156.119,39354,443,6,91.126,3813,32294,16,23,226,26,26,26,193,199,64,64,2852,52,52,2852,3813,32294,0,0,0,0,134378,1138114,20,1,2,2,5,64240,65535,0,0,0,0,0,0,1781376320748,1781376320975,0,90,12,23,0,57,8,15,0,0.94943666,2
192.168.0.111,181.213.132.2,21780,53,17,5.0,57,72,1,1,19,0,0,0,0,0,0,0,72,57,57,72,57,72,0,0,0,0,22800,28800,2,0,0,0,0,0,0,0,0,0,65,0,0,1781376321021,1781376321040,0,0,0,0,0,0,0,0,1,0.8940518,2
192.168.0.111,181.213.132.2,11892,53,17,5.0,57,73,1,1,20,0,0,0,0,0,0,0,73,57,57,73,57,73,0,0,0,0,21714,27809,2,0,0,0,0,0,0,0,0,0,1,300,0,1781376321021,1781376321041,0,0,0,0,0,0,0,0,1,0.66006637,-1
192.168.0.111,172.217.172.142,51376,443,6,91.124,3939,10945,18,17,283,26,26,26,253,248,64,64,2852,52,52,2852,3939,10945,0,0,0,0,110957,308309,25,1,1,3,3,64240,65535,0,0,0,0,0,0,1781376321042,1781376321325,0,107,14,27,0,59,15,21,0,0.8061162,-1
192.168.0.111,216.239.34.223,41816,443,6,91.239,3213,8101,13,16,452,26,26,26,418,410,64,64,2852,52,52,2852,"1957,1256","164,7937",0,0,0,0,56741,143064,20,2,2,1,2,64240,65535,0,0,0,0,0,0,1781376320907,1781376321359,0,241,34,68,0,183,27,46,1,0.9957022,2
192.168.0.111,216.239.36.223,33508,443,6,91.0,52,52,1,1,30,16,16,16,0,0,0,0,52,52,52,52,52,52,0,0,0,0,13419,13419,2,0,0,0,0,67,1034,0,0,0,0,0,0,1781376322615,1781376322646,0,0,0,0,0,0,0,0,0,0.97995204,2
192.168.0.111,216.239.34.223,38628,443,17,188.239,7858,12302,14,18,1824,0,0,0,1774,1795,64,64,1278,52,52,1278,"5112,2037,709","2624,9149,529",0,0,0,0,34446,53926,11,5,1,2,13,0,0,0,0,0,0,0,0,1781376320842,1781376322666,0,1200,136,313,0,1236,105,292,1,0.56355554,-1
192.168.0.111,181.213.132.2,47738,53,17,5.0,71,128,1,1,18,0,0,0,0,0,0,0,128,71,71,128,71,128,0,0,0,0,29894,53894,2,0,0,0,0,0,0,0,0,0,65,0,0,1781376323019,1781376323038,0,0,0,0,0,0,0,0,1,0.8636122,2
192.168.0.111,181.213.132.2,55309,53,17,5.0,71,327,1,1,26,0,0,0,0,0,0,0,327,71,71,327,71,327,0,0,0,0,21037,96888,1,0,1,0,0,0,0,0,0,0,1,300,0,1781376323019,1781376323045,0,0,0,0,0,0,0,0,1,0.84001607,-1
192.168.0.111,172.217.30.34,41234,443,17,188.126,8966,13255,19,22,2890,0,0,0,2890,2832,64,64,1278,50,50,1278,"8295,,,671","12559,,,696",0,0,0,0,24810,36679,17,6,1,3,14,0,0,0,0,0,0,0,0,1781376320288,1781376323179,0,2265,160,511,0,2287,134,483,0,0.9353861,2
192.168.0.111,142.250.219.193,49602,443,6,91.0,100,60,2,1,35,22,6,18,35,0,64,64,60,40,40,60,100,60,0,0,0,0,22222,13333,3,0,0,0,0,64240,65535,0,0,0,0,0,0,1781376323172,1781376323207,35,35,35,0,0,0,0,0,0,0.9681492,2
192.168.0.111,181.213.132.2,63644,53,17,5.0,63,88,1,1,16,0,0,0,0,0,0,0,88,63,63,88,63,88,0,0,0,0,29647,41411,2,0,0,0,0,0,0,0,0,0,65,0,0,1781376323222,1781376323238,0,0,0,0,0,0,0,0,1,0.87515485,2
192.168.0.111,181.213.132.2,57765,53,17,5.0,63,79,1,1,17,0,0,0,0,0,0,0,79,63,63,79,63,79,0,0,0,0,28000,35111,2,0,0,0,0,0,0,0,0,0,1,151,0,1781376323222,1781376323239,0,0,0,0,0,0,0,0,1,0.6997495,-1
192.168.0.111,172.217.29.195,33524,443,6,91.126,2173,5720,7,6,145,26,26,26,117,112,64,64,2852,52,52,2852,2173,5720,0,0,0,0,119068,313424,9,0,1,0,1,64240,65535,0,0,0,0,0,0,1781376323340,1781376323486,0,84,19,31,0,45,22,19,0,0.75178856,-1
192.168.0.111,181.213.132.2,30197,53,17,5.0,59,315,1,1,19,0,0,0,0,0,0,0,315,59,59,315,59,315,0,0,0,0,23600,126000,1,0,1,0,0,0,0,0,0,0,1,10,0,1781376323694,1781376323714,0,0,0,0,0,0,0,0,1,0.83673763,-1
192.168.0.111,181.213.132.2,26063,53,17,5.0,59,116,1,1,19,0,0,0,0,0,0,0,116,59,59,116,59,116,0,0,0,0,23600,46400,2,0,0,0,0,0,0,0,0,0,65,0,0,1781376323694,1781376323714,0,0,0,0,0,0,0,0,1,0.88562393,2
192.168.0.111,172.217.29.195,57162,443,17,188.126,7349,11328,16,18,584,0,0,0,528,556,64,64,1278,50,50,1278,7349,11328,0,0,0,0,100499,154912,17,1,3,0,13,0,0,0,0,0,0,0,0,1781376323240,1781376323825,0,147,34,44,0,169,32,48,1,0.99316543,2
192.168.0.111,172.217.30.129,52644,443,6,91.124,5133,19617,21,24,185,26,26,26,154,157,64,64,2852,52,52,2852,5133,19617,0,0,0,0,220774,843741,29,2,2,3,4,64240,65535,0,0,0,0,0,0,1781376323781,1781376323967,0,85,7,19,0,50,6,13,0,0.9884498,2
192.168.0.111,172.217.30.129,41218,443,17,188.124,6969,12500,10,13,278,0,0,0,278,244,64,64,1278,53,53,1278,6969,12500,0,0,0,0,199827,358422,5,3,0,1,14,0,0,0,0,0,0,0,0,1781376323715,1781376323993,0,129,30,41,0,202,20,55,0,0.71559477,-1
192.168.0.111,142.250.219.193,41486,443,17,188.126,5397,14316,15,20,296,0,0,0,296,259,64,64,1278,53,53,1278,5397,14316,0,0,0,0,145373,385616,12,9,0,1,13,0,0,0,0,0,0,0,0,1781376323697,1781376323994,0,123,20,33,0,176,13,40,0,0.9106579,2
192.168.0.111,142.250.219.193,49590,443,6,91.126,6847,200778,66,80,1005,26,26,26,969,967,64,64,4252,52,52,4252,"6600,247","197622,3156",0,0,0,0,54449,1596644,71,3,2,0,11,64240,65535,0,0,0,0,0,0,1781376323046,1781376324051,0,340,14,57,0,416,12,56,1,0.65805227,-1
172.217.172.170,192.168.0.111,443,60931,17,188.0,303,61,1,1,7,0,0,0,0,0,0,0,303,61,61,303,303,61,0,0,0,0,303000,61000,1,0,1,0,0,0,0,0,0,0,0,0,0,1781376324122,1781376324130,0,0,0,0,0,0,0,0,1,0.693843,-1
192.168.0.111,181.213.132.2,41563,53,17,5.0,66,110,1,1,22,0,0,0,0,0,0,0,110,66,66,110,66,110,0,0,0,0,22956,38260,2,0,0,0,0,0,0,0,0,0,1,269,0,1781376324384,1781376324407,0,0,0,0,0,0,0,0,1,0.7416042,-1
192.168.0.111,181.213.132.2,28612,53,17,5.0,66,144,1,1,26,0,0,0,0,0,0,0,144,66,66,144,66,144,0,0,0,0,19555,42666,1,1,0,0,0,0,0,0,0,0,65,0,0,1781376324384,1781376324410,0,0,0,0,0,0,0,0,1,0.9423364,2
192.168.0.111,181.213.132.2,18186,53,17,5.0,68,128,1,1,15,0,0,0,0,0,0,0,128,68,68,128,68,128,0,0,0,0,34000,64000,2,0,0,0,0,0,0,0,0,0,65,0,0,1781376324468,1781376324483,0,0,0,0,0,0,0,0,1,0.853859,2
192.168.0.111,181.213.132.2,22864,53,17,5.0,68,84,1,1,23,0,0,0,0,0,0,0,84,68,68,84,68,84,0,0,0,0,22666,28000,2,0,0,0,0,0,0,0,0,0,1,201,0,1781376324468,1781376324492,0,0,0,0,0,0,0,0,1,0.698218,-1
192.168.0.111,142.251.156.119,57444,443,17,188.126,10443,15404,25,26,3930,0,0,0,3875,3900,64,64,1278,49,49,1278,"8335,,,1822,286","13573,52,,1445,334",0,0,0,0,21252,31348,27,3,2,2,17,0,0,0,0,0,0,0,0,1781376320683,1781376324614,0,2132,161,439,0,2158,155,439,0,0.70375556,-1
192.168.0.1,224.0.0.1,0,0,2,82.0,36,0,1,0,0,0,0,0,0,0,0,0,36,36,0,36,36,",",0,0,0,0,288000,0,1,0,0,0,0,0,0,0,0,0,0,0,0,1781376324619,1781376324619,0,0,0,0,0,0,0,0,0,0.9787835,2
192.168.0.111,172.217.29.38,53314,443,6,91.126,3739,7481,14,13,191,26,26,26,153,157,64,64,2852,52,52,2852,3739,7481,0,0,0,0,155791,311708,19,2,1,1,2,64240,65535,0,0,0,0,0,0,1781376324555,1781376324746,0,87,11,24,0,55,13,17,0,0.934399,2
192.168.0.111,172.217.29.38,34222,443,17,188.126,7152,12886,11,15,319,0,0,0,319,285,64,64,1278,54,54,1278,7152,12886,0,0,0,0,178800,322150,7,4,0,1,14,0,0,0,0,0,0,0,0,1781376324493,1781376324812,0,124,31,43,0,243,20,62,1,0.7760887,-1
192.168.0.111,172.217.29.46,59178,443,6,91.124,6505,11098,21,20,347,26,26,26,318,311,64,64,2852,52,52,2852,6505,11098,0,0,0,0,149540,255126,27,2,2,4,4,64240,65535,0,0,0,0,0,0,1781376324488,1781376324836,0,109,15,30,0,123,16,29,0,0.9326767,2
192.168.0.111,181.213.132.2,52613,53,17,5.0,79,143,1,1,15,0,0,0,0,0,0,0,143,79,79,143,79,143,0,0,0,0,39500,71500,1,1,0,0,0,0,0,0,0,0,1,300,0,1781376324950,1781376324966,0,0,0,0,0,0,0,0,1,0.77084917,-1
192.168.0.111,181.213.132.2,57410,53,17,5.0,65,129,1,1,16,0,0,0,0,0,0,0,129,65,65,129,65,129,0,0,0,0,30588,60705,1,1,0,0,0,0,0,0,0,0,1,212,0,1781376324957,1781376324973,0,0,0,0,0,0,0,0,1,0.76960325,-1
192.168.0.111,181.213.132.2,52613,53,17,5.0,79,191,1,1,22,0,0,0,0,0,0,0,191,79,79,191,79,191,0,0,0,0,27478,66434,1,1,0,0,0,0,0,0,0,0,28,300,0,1781376324950,1781376324973,0,0,0,0,0,0,0,0,1,0.747474,-1
192.168.0.111,181.213.132.2,57410,53,17,5.0,65,177,1,1,21,0,0,0,0,0,0,0,177,65,65,177,65,177,0,0,0,0,23636,64363,1,1,0,0,0,0,0,0,0,0,28,203,0,1781376324957,1781376324979,0,0,0,0,0,0,0,0,1,0.7809563,-1
192.168.0.111,172.217.29.46,36288,443,17,188.124,8654,14311,19,24,1187,0,0,0,1143,1125,64,64,1278,52,52,1278,"4913,3741","12177,2134",0,0,0,0,58276,96370,17,8,2,2,14,0,0,0,0,0,0,0,0,1781376324411,1781376325599,0,681,63,154,0,695,48,142,0,0.6656264,-1
192.168.0.111,192.168.0.6,50240,2869,6,7.0,552,1510,5,3,49,26,26,26,49,30,64,64,1109,52,52,1109,552,1510,0,0,0,0,88320,241600,5,0,2,0,1,64240,65535,0,0,0,0,0,0,1781376325573,1781376325623,0,30,12,12,0,30,15,15,0,0.9423313,2
192.168.0.111,181.213.132.2,33830,53,17,5.0,64,320,1,1,22,0,0,0,0,0,0,0,320,64,64,320,64,320,0,0,0,0,22260,111304,1,0,1,0,0,0,0,0,0,0,1,300,0,1781376325658,1781376325680,0,0,0,0,0,0,0,0,1,0.83863354,-1
192.168.0.111,181.213.132.2,33830,53,17,5.0,64,176,1,1,22,0,0,0,0,0,0,0,176,64,64,176,64,176,0,0,0,0,22260,61217,1,1,0,0,0,0,0,0,0,0,28,207,0,1781376325658,1781376325680,0,0,0,0,0,0,0,0,1,0.7880349,-1
192.168.0.111,181.213.132.2,38154,53,17,5.0,79,143,1,1,23,0,0,0,0,0,0,0,143,79,79,143,79,143,0,0,0,0,26333,47666,1,1,0,0,0,0,0,0,0,0,1,300,0,1781376325659,1781376325682,0,0,0,0,0,0,0,0,1,0.7803381,-1
192.168.0.111,181.213.132.2,38154,53,17,5.0,79,191,1,1,23,0,0,0,0,0,0,0,191,79,79,191,79,191,0,0,0,0,26333,63666,1,1,0,0,0,0,0,0,0,0,28,300,0,1781376325659,1781376325682,0,0,0,0,0,0,0,0,1,0.75630593,-1
192.168.0.111,181.213.132.2,46981,53,17,5.0,75,187,1,1,24,0,0,0,0,0,0,0,187,75,75,187,75,187,0,0,0,0,24000,59840,1,1,0,0,0,0,0,0,0,0,28,207,0,1781376325660,1781376325684,0,0,0,0,0,0,0,0,1,0.77648556,-1
192.168.0.111,181.213.132.2,43063,53,17,5.0,75,331,1,1,27,0,0,0,0,0,0,0,331,75,75,331,75,331,0,0,0,0,21428,94571,1,0,1,0,0,0,0,0,0,0,1,300,0,1781376325660,1781376325688,0,0,0,0,0,0,0,0,1,0.84047633,-1
192.168.0.111,192.168.0.6,57664,10247,6,7.0,520,508,4,2,69,26,26,26,69,50,64,64,448,52,52,448,520,508,0,0,0,0,59428,58057,4,0,2,0,0,64240,65535,0,0,0,0,0,0,1781376325632,1781376325701,0,50,22,20,50,50,50,0,0,0.7656726,-1
0.0.0.0,0.0.0.0,0,0,58,102.0,676,0,4,0,5965,0,0,0,5965,0,1,255,200,76,0,200,"200,,,200,,76,200",",,,,,,,",0,0,0,0,906,0,1,3,0,0,0,0,0,34304,134,0,0,0,0,1781376319909,1781376325874,1255,3072,1988,782,0,0,0,0,1,0.97361416,2
192.168.0.111,34.54.84.110,42128,443,6,91.0,2204,77141,26,42,261,24,24,24,235,231,64,64,5652,52,52,5652,2204,77141,0,0,0,0,67297,2355450,30,5,0,0,19,144,1025,0,0,0,0,0,0,1781376325625,1781376325887,0,180,9,35,0,142,5,21,0,0.5568661,-1
192.168.0.111,172.217.29.106,39284,443,6,91.239,2490,7089,9,9,218,26,26,26,218,188,64,64,2852,52,52,2852,2490,7089,0,0,0,0,90958,258958,11,2,1,0,2,64240,65535,0,0,0,0,0,0,1781376325688,1781376325907,0,97,27,39,0,71,23,25,1,0.7420436,-1
192.168.0.111,181.213.132.2,33033,53,17,5.0,82,139,1,1,19,0,0,0,0,0,0,0,139,82,82,139,82,139,0,0,0,0,32800,55600,1,1,0,0,0,0,0,0,0,0,28,140,0,1781376325907,1781376325927,0,0,0,0,0,0,0,0,1,0.78024936,-1
192.168.0.111,181.213.132.2,54903,53,17,5.0,82,127,1,1,20,0,0,0,0,0,0,0,127,82,82,127,82,127,0,0,0,0,31238,48380,2,0,0,0,0,0,0,0,0,0,1,100,0,1781376325907,1781376325928,0,0,0,0,0,0,0,0,1,0.7602057,-1
192.168.0.111,224.0.0.22,0,0,2,82.0,40,0,1,0,0,0,0,0,0,0,0,0,40,40,0,40,40,",",0,0,0,0,320000,0,1,0,0,0,0,0,0,0,0,0,0,0,0,1781376325944,1781376325944,0,0,0,0,0,0,0,0,0,0.97581017,2
192.168.0.111,181.213.132.2,59797,53,17,5.0,79,143,1,1,17,0,0,0,0,0,0,0,143,79,79,143,79,143,0,0,0,0,35111,63555,1,1,0,0,0,0,0,0,0,0,1,300,0,1781376325927,1781376325944,0,0,0,0,0,0,0,0,1,0.7798372,-1
192.168.0.111,181.213.132.2,59797,53,17,5.0,79,191,1,1,25,0,0,0,0,0,0,0,191,79,79,191,79,191,0,0,0,0,24307,58769,1,1,0,0,0,0,0,0,0,0,28,300,0,1781376325927,1781376325953,0,0,0,0,0,0,0,0,1,0.7735755,-1
192.168.0.111,172.217.28.65,45216,443,6,91.126,2675,15492,15,18,214,26,26,26,183,173,64,64,2852,52,52,2852,"1751,924","60,15432",0,0,0,0,99534,576446,21,3,1,1,3,64240,65535,0,0,0,0,0,0,1781376325928,1781376326142,0,100,12,27,0,59,9,17,0,0.88126296,2
0.0.0.0,0.0.0.0,0,0,58,102.0,1092,0,7,0,6295,0,0,0,6295,0,1,1,156,156,0,156,"156,156,,156,156,,312,156",",,,,,,,,",0,0,0,0,1387,0,0,7,0,0,0,0,0,36608,143,0,0,0,0,1781376319911,1781376326207,120,2951,1049,1115,0,0,0,0,0,0.94540185,2
192.168.0.252,224.0.0.22,0,0,2,82.0,80,0,2,0,921,0,0,0,921,0,1,1,40,40,0,40,"40,40",",,",0,0,0,0,694,0,2,0,0,0,0,0,0,0,0,0,0,0,0,1781376325336,1781376326258,921,921,921,0,0,0,0,0,0,0.96923125,2
0.0.0.0,0.0.0.0,0,0,58,102.0,288,0,3,0,922,0,0,0,922,0,1,1,116,76,0,116,"172,116",",,",0,0,0,0,2496,0,3,0,0,0,0,0,0,36608,143,0,0,0,0,1781376325336,1781376326258,409,512,460,51,0,0,0,0,0,0.8875752,1
192.168.0.111,216.239.36.223,46310,443,6,91.0,1941,8099,7,12,803,24,24,24,803,766,64,64,2852,52,52,2852,"1180,761","752,7347",0,0,0,0,19313,80587,10,0,0,6,2,73,11010,0,0,0,0,0,0,1781376325660,1781376326463,2,213,133,85,0,182,69,80,1,0.99576366,2
192.168.0.111,216.239.36.223,49380,443,6,91.0,1468,9926,7,9,823,24,24,24,823,792,64,64,2852,52,52,2852,"601,867","52,9874",0,0,0,0,14252,96368,8,0,1,2,3,67,11264,0,0,0,0,0,0,1781376325660,1781376326483,0,584,136,216,0,553,98,183,1,0.99689263,2
0.0.0.0,0.0.0.0,0,0,58,102.0,344,0,4,0,1536,0,0,0,1536,0,1,1,96,76,0,96,"152,192",",,",0,0,0,0,1790,0,4,0,0,0,0,0,0,36608,143,0,0,0,0,1781376325131,1781376326667,511,512,511,0,0,0,0,0,0,0.884247,1
192.168.0.111,224.0.0.251,5353,5353,17,8.0,204,0,3,0,3000,0,0,0,3000,0,1,1,68,68,0,68,"68,68,,68",",,,,",0,0,0,0,543,0,3,0,0,0,0,0,0,0,0,0,0,0,0,1781376324573,1781376327573,1000,2000,1500,500,0,0,0,0,1,0.5252776,-1
192.168.0.111,239.255.255.250,44629,1900,17,12.0,800,0,4,0,3000,0,0,0,3000,0,1,1,200,200,0,200,"200,200,200,200",",,,,",0,0,0,0,2132,0,0,4,0,0,0,0,0,0,0,0,0,0,0,1781376324573,1781376327573,999,1000,999,0,0,0,0,0,1,0.91866595,1
192.168.0.111,172.217.29.106,39282,443,6,91.239,1623,2111,8,8,2292,26,26,26,2249,2263,64,64,1493,52,52,1493,"1519,52,52","2007,52,52",0,0,0,0,5662,7365,12,0,1,2,1,64240,65535,0,0,0,0,0,0,1781376325680,1781376327973,0,1026,320,439,0,1043,323,451,1,0.99544454,2
192.168.0.111,216.239.38.223,53284,443,6,91.239,2629,10771,11,15,3055,26,26,26,3017,3025,64,64,2852,52,52,2852,"60,2465,52,52,",",,10667,52,,52",0,0,0,0,6882,28196,16,0,2,3,2,64240,65535,0,0,0,0,0,0,1781376324974,1781376328029,0,1032,301,385,0,1042,215,363,1,0.9884143,2
192.168.0.111,172.217.172.150,55873,443,17,188.0,5251,96028,49,83,5062,0,0,0,5011,5027,64,64,1278,52,52,1278,"4603,,,,224,424","78147,,,,,17881",0,0,0,0,8297,151732,47,8,0,2,75,0,0,0,0,0,0,0,0,1781376323020,1781376328083,0,4825,104,688,0,4857,61,532,0,0.9826462,2
192.168.0.111,216.239.38.223,60234,443,6,91.239,1750,1787,8,8,2410,26,26,26,2381,2376,64,64,1169,52,52,1169,"1594,52,52,52","435,1248,52,52",0,0,0,0,5806,5929,12,0,1,2,1,64240,65535,0,0,0,0,0,0,1781376325682,1781376328093,0,1032,340,433,2,1032,339,440,1,0.994286,2
192.168.0.111,181.213.132.2,7068,53,17,5.0,87,147,1,1,19,0,0,0,0,0,0,0,147,87,87,147,87,147,0,0,0,0,34800,58800,1,1,0,0,0,0,0,0,0,0,65,0,0,1781376328168,1781376328187,0,0,0,0,0,0,0,0,1,0.90131646,2
192.168.0.111,181.213.132.2,14139,53,17,5.0,87,141,1,1,19,0,0,0,0,0,0,0,141,87,87,141,87,141,0,0,0,0,34800,56400,1,1,0,0,0,0,0,0,0,0,1,900,0,1781376328168,1781376328187,0,0,0,0,0,0,0,0,1,0.78007793,-1
192.168.0.111,216.239.38.223,60250,443,6,91.239,1690,2614,8,8,2399,26,26,26,2361,2366,64,64,1996,52,52,1996,"744,842,52,52","60,2450,52,52",0,0,0,0,5633,8713,12,0,1,2,0,64240,65535,0,0,0,0,0,0,1781376325954,1781376328353,0,1028,337,437,0,1046,337,447,1,0.9965744,2
192.168.0.111,216.239.36.223,35058,443,6,91.228,34083,7160,32,27,3373,26,26,26,3340,3341,64,64,2852,52,52,2852,"60,33867,52,52,52",",,7004,52,52,52",0,0,0,0,80813,16976,32,0,1,0,24,64240,65535,0,0,0,0,0,0,1781376324979,1781376328353,0,1028,107,301,0,1051,128,329,1,0.99228436,2
192.168.0.111,181.213.132.2,35559,53,17,5.0,87,147,1,1,22,0,0,0,0,0,0,0,147,87,87,147,87,147,0,0,0,0,30260,51130,1,1,0,0,0,0,0,0,0,0,65,0,0,1781376328339,1781376328362,0,0,0,0,0,0,0,0,1,0.91081834,2
192.168.0.111,181.213.132.2,50385,53,17,5.0,87,141,1,1,31,0,0,0,0,0,0,0,141,87,87,141,87,141,0,0,0,0,21750,35250,1,1,0,0,0,0,0,0,0,0,1,1200,0,1781376328340,1781376328371,0,0,0,0,0,0,0,0,1,0.7738891,-1
192.168.0.111,140.82.114.25,45288,443,6,91.0,52,52,1,1,152,16,16,16,0,0,0,0,52,52,52,52,52,52,0,0,0,0,2718,2718,2,0,0,0,0,68,76,0,0,0,0,0,0,1781376328247,1781376328400,0,0,0,0,0,0,0,0,0,0.97477007,2
192.168.0.6,192.168.0.111,1900,44629,17,12.0,2052,0,4,0,3803,0,0,0,3803,0,128,128,513,513,0,513,"513,513,513,,513",",,,,,",0,0,0,0,4315,0,0,0,0,4,0,0,0,0,0,0,0,0,0,1781376324635,1781376328438,810,1750,1267,384,0,0,0,0,1,0.8590492,1
192.168.0.111,189.4.7.204,38366,443,6,91.124,3609,5517,8,6,120,26,26,26,120,56,64,64,4567,52,52,4567,3609,5517,0,0,0,0,238611,364760,9,0,1,1,2,64240,65535,0,0,0,0,0,0,1781376328399,1781376328519,0,58,16,20,0,33,11,13,0,0.9273707,2
192.168.0.111,192.168.0.6,58076,8009,6,139.0,120,0,2,0,1060,2,2,0,1060,0,64,64,60,60,0,60,"60,60",",,",60,1,0,0,904,0,2,0,0,0,0,64240,0,15360,60,0,0,0,0,1781376327572,1781376328632,1060,1060,1060,0,0,0,0,0,0,0.8936989,2
192.168.0.111,216.239.38.223,39033,443,17,188.0,496,8447,6,9,305,0,0,0,305,242,64,64,1278,56,56,1278,496,8447,0,0,0,0,12967,220836,7,1,0,1,6,0,0,0,0,0,0,0,0,1781376328328,1781376328634,0,218,60,85,0,242,30,80,1,0.9972683,2
192.168.0.111,189.4.7.204,49681,443,17,188.124,5807,9535,9,11,261,0,0,0,261,236,64,64,1278,55,55,1278,5807,9535,0,0,0,0,177312,291145,5,3,0,1,11,0,0,0,0,0,0,0,0,1781376328372,1781376328634,0,92,32,36,0,198,23,58,1,0.67512757,-1
142.250.78.110,192.168.0.111,443,36777,17,188.0,163551,68031,208,121,9133,0,0,0,9133,9099,56,56,1278,50,50,1278,"90540,2341,366,19443,20283,4620,,5302,,20656","554,1632,2293,19310,9743,9835,,701,4431,19532",0,0,0,0,143245,59584,117,16,22,17,157,0,0,0,0,0,0,0,0,1781376319542,1781376328676,0,1975,43,197,0,1978,75,251,1,0.5818749,-1
192.168.0.111,189.4.7.205,43276,443,17,188.124,16894,286587,78,235,486,0,0,0,483,468,64,64,1278,51,51,1278,16894,286587,0,0,0,0,277519,4707794,76,2,0,4,231,0,0,0,0,0,0,0,0,1781376328189,1781376328676,0,151,6,19,0,246,1,16,1,0.82157147,-1
216.239.38.223,192.168.0.111,443,39033,17,469.0,52,0,1,0,0,0,0,0,0,0,0,0,52,52,0,52,52,",",0,0,0,0,416000,0,1,0,0,0,0,0,0,0,0,0,0,0,0,1781376328694,1781376328694,0,0,0,0,0,0,0,0,1,0.6624233,-1
0.0.0.0,0.0.0.0,0,0,58,102.0,200,0,1,0,0,0,0,0,0,0,0,0,200,200,0,200,200,",",0,0,0,0,1600000,0,0,1,0,0,0,0,0,34304,134,0,0,0,0,1781376328920,1781376328920,0,0,0,0,0,0,0,0,0,0.85565335,1
0.0.0.0,0.0.0.0,0,0,58,102.0,156,0,1,0,0,0,0,0,0,0,0,0,156,156,0,156,156,",",0,0,0,0,1248000,0,0,1,0,0,0,0,0,36608,143,0,0,0,0,1781376328923,1781376328923,0,0,0,0,0,0,0,0,0,0.8822065,1
192.168.0.111,172.217.29.106,39282,443,6,91.0,52,52,1,1,32,16,16,16,0,0,0,0,52,52,52,52,"52,",",,52",0,0,0,0,12606,12606,2,0,0,0,0,62,1046,0,0,0,0,0,0,1781376328973,1781376329006,0,0,0,0,0,0,0,0,0,0.9799066,2
192.168.0.111,216.239.38.223,53284,443,6,91.0,52,52,1,1,23,16,16,16,0,0,0,0,52,52,52,52,52,52,0,0,0,0,17333,17333,2,0,0,0,0,54,1043,0,0,0,0,0,0,1781376329030,1781376329053,0,0,0,0,0,0,0,0,0,0.9800826,2
192.168.0.111,216.239.38.223,60234,443,6,91.0,52,52,1,1,26,16,16,16,0,0,0,0,52,52,52,52,52,52,0,0,0,0,15407,15407,2,0,0,0,0,62,1046,0,0,0,0,0,0,1781376329094,1781376329121,0,0,0,0,0,0,0,0,0,0.98003435,2
192.168.0.111,142.250.78.110,36777,443,17,188.0,2342,682,7,11,482,0,0,0,436,478,64,64,1278,51,51,1278,"2277,65","473,209",0,0,0,0,38790,11296,16,0,0,1,1,0,0,0,0,0,0,0,0,1781376328685,1781376329167,0,148,72,56,1,164,47,55,1,0.99394894,2
189.4.7.205,192.168.0.111,443,43276,17,188.0,701020,9875,555,78,562,0,0,0,279,562,121,121,1278,58,58,1278,"701020,","7143,2732",0,0,0,0,9961207,140319,77,3,0,3,550,0,0,0,0,0,0,0,0,1781376328676,1781376329238,0,84,0,3,0,278,6,31,1,0.86614156,1
192.168.0.111,189.4.7.204,49681,443,17,188.0,15475,1472652,176,1164,550,0,0,0,550,504,64,64,1278,49,49,1278,"8489,6986","451856,1020796",0,0,0,0,224682,21381517,178,5,0,4,1153,0,0,0,0,0,0,0,0,1781376328703,1781376329254,0,24,2,3,0,24,0,1,0,0.91672283,1
192.168.0.111,216.239.36.223,35058,443,6,91.0,52,52,1,1,22,16,16,16,0,0,0,0,52,52,52,52,52,52,0,0,0,0,18086,18086,2,0,0,0,0,67,934,0,0,0,0,0,0,1781376329353,1781376329376,0,0,0,0,0,0,0,0,0,0.98008657,2
192.168.0.111,216.239.38.223,60250,443,6,91.0,52,52,1,1,24,16,16,16,0,0,0,0,52,52,52,52,52,52,0,0,0,0,16640,16640,2,0,0,0,0,62,1046,0,0,0,0,0,0,1781376329353,1781376329378,0,0,0,0,0,0,0,0,0,0.9800687,2
189.4.7.205,192.168.0.111,443,43276,17,188.0,376978,4936,303,39,207,0,0,0,207,189,121,121,1278,54,54,1278,376978,4936,0,0,0,0,14499153,189846,42,3,0,2,295,0,0,0,0,0,0,0,0,1781376329255,1781376329462,0,106,0,6,0,80,4,13,1,0.8795086,1
192.168.0.111,192.168.0.6,58076,8009,6,139.0,60,0,1,0,0,2,2,0,0,0,0,0,60,60,0,60,60,",",0,0,0,0,480000,0,1,0,0,0,0,64240,0,0,0,0,0,0,0,1781376329655,1781376329655,0,0,0,0,0,0,0,0,0,0.89845955,2
0.0.0.0,0.0.0.0,0,0,58,102.0,156,0,1,0,0,0,0,0,0,0,0,0,156,156,0,156,156,",",0,0,0,0,1248000,0,0,1,0,0,0,0,0,36608,143,0,0,0,0,1781376329848,1781376329848,0,0,0,0,0,0,0,0,0,0.8822065,1
192.168.0.111,142.251.156.119,57444,443,17,188.0,506,590,4,5,578,0,0,0,526,523,64,64,380,50,50,380,"506,","538,52",0,0,0,0,6991,8151,7,0,2,0,0,0,0,0,0,0,0,0,0,1781376329435,1781376330013,19,427,175,179,3,416,130,166,1,0.98459136,2
192.168.0.111,172.217.172.150,55873,443,17,188.0,547,17820,6,14,38,0,0,0,38,0,64,64,1278,60,60,1278,"242,305",",,17820",0,0,0,0,112205,3655384,5,1,0,0,14,0,0,0,0,0,0,0,0,1781376329980,1781376330019,0,31,7,12,0,0,0,0,0,0.7797709,-1
192.168.0.111,172.217.29.106,39282,443,6,91.0,52,52,1,1,24,16,16,16,0,0,0,0,52,52,52,52,52,52,0,0,0,0,16640,16640,2,0,0,0,0,62,1046,0,0,0,0,0,0,1781376330007,1781376330032,0,0,0,0,0,0,0,0,0,0.9800687,2
142.250.78.110,192.168.0.111,443,36777,17,188.0,62691,5697,68,20,750,0,0,0,750,716,56,56,1278,51,51,1278,"41660,21031","5371,326",0,0,0,0,667813,60687,25,1,6,13,43,0,0,0,0,0,0,0,0,1781376329297,1781376330047,0,265,11,35,0,256,37,56,1,0.9370529,2
192.168.0.111,172.217.29.195,57162,443,17,188.0,448,247,3,3,85,0,0,0,85,33,64,64,325,50,50,325,"325,123",",,247",0,0,0,0,41674,22976,4,1,1,0,0,0,0,0,0,0,0,0,0,1781376329962,1781376330047,8,76,42,34,2,31,16,14,1,0.9637557,2
192.168.0.111,189.4.7.204,49681,443,17,188.0,13431,1722990,156,1363,800,0,0,0,800,798,64,64,1278,54,54,1278,"9631,3800","1538701,184289",0,0,0,0,134142,17208389,161,7,0,4,1347,0,0,0,0,0,0,0,0,1781376329254,1781376330054,0,457,4,36,0,458,0,12,0,0.9434119,1
192.168.0.111,172.217.30.34,40740,443,17,188.126,4490,1346,5,2,56,0,0,0,56,5,64,64,1278,68,68,1278,"2664,1826",",,1346",0,0,0,0,630175,188912,2,0,0,1,4,0,0,0,0,0,0,0,0,1781376329998,1781376330055,55,55,13,23,5,5,5,0,1,0.8208786,-1
192.168.0.111,216.239.38.223,53284,443,6,91.0,52,0,1,0,0,16,16,0,0,0,0,0,52,52,0,52,52,",",0,0,0,0,416000,0,1,0,0,0,0,54,0,0,0,0,0,0,0,1781376330055,1781376330055,0,0,0,0,0,0,0,0,0,0.9119275,2
172.217.29.195,192.168.0.111,443,57162,17,188.0,52,0,1,0,0,0,0,0,0,0,0,0,52,52,0,52,52,",",0,0,0,0,416000,0,1,0,0,0,0,0,0,0,0,0,0,0,0,1781376330098,1781376330098,0,0,0,0,0,0,0,0,1,0.6624233,-1
172.217.172.150,192.168.0.111,443,55873,17,188.0,16103,566,16,4,144,0,0,0,144,35,55,55,1278,54,54,1278,16103,566,0,0,0,0,888441,31227,5,2,0,2,11,0,0,0,0,0,0,0,0,1781376330067,1781376330212,0,87,9,24,6,28,11,12,1,0.8961004,2
192.168.0.111,216.239.36.223,35058,443,6,91.0,104,52,2,1,29,17,17,17,29,0,64,64,52,52,52,52,104,52,0,0,0,0,27733,13866,3,0,0,0,0,67,934,0,0,0,0,0,0,1781376330239,1781376330269,29,29,29,0,0,0,0,0,0,0.97320527,2
192.168.0.111,172.217.30.34,40740,443,17,188.0,1708,6203,6,12,108,0,0,0,108,29,64,64,1278,49,49,1278,1708,6203,0,0,0,0,125357,455266,9,2,1,2,4,0,0,0,0,0,0,0,0,1781376330161,1781376330270,0,78,21,30,0,29,2,8,0,0.960054,2
192.168.0.111,172.217.30.34,41234,443,17,188.0,929,557,4,4,126,0,0,0,95,67,64,64,743,50,50,743,929,557,0,0,0,0,58519,35086,6,0,1,1,0,0,0,0,0,0,0,0,0,1781376330242,1781376330369,0,85,31,37,0,35,22,15,1,0.97335094,2
192.168.0.111,172.217.29.106,39282,443,6,91.0,104,52,2,1,33,17,17,17,33,0,64,64,52,52,52,52,104,52,0,0,0,0,24470,12235,3,0,0,0,0,62,1046,0,0,0,0,0,0,1781376330902,1781376330936,33,33,33,0,0,0,0,0,0,0.9718769,2
216.239.38.223,192.168.0.111,443,53284,6,91.0,104,104,2,2,905,17,17,17,905,29,117,117,52,52,52,52,104,104,0,0,0,0,918,918,4,0,0,0,0,1043,54,0,0,0,0,0,0,1781376330079,1781376330984,905,905,905,0,29,29,29,0,0,0.9593322,2
192.168.0.111,216.239.38.223,60234,443,6,91.0,156,104,3,2,946,17,17,17,946,918,64,64,52,52,52,52,"52,104","52,52",0,0,0,0,1317,878,5,0,0,0,0,62,1046,0,0,0,0,0,0,1781376330121,1781376331068,37,909,473,436,918,918,918,0,0,0.91748387,2
192.168.0.111,216.239.38.223,60250,443,6,91.0,156,104,3,2,923,17,17,17,923,900,64,64,52,52,52,52,"52,104","52,52",0,0,0,0,1350,900,5,0,0,0,0,62,1046,0,0,0,0,0,0,1781376330378,1781376331302,32,891,461,429,900,900,900,0,0,0.91862047,2
192.168.0.111,216.239.36.223,33538,443,6,91.0,52,52,1,1,39,16,16,16,0,0,0,0,52,52,52,52,52,52,0,0,0,0,10400,10400,2,0,0,0,0,67,1031,0,0,0,0,0,0,1781376331319,1781376331359,0,0,0,0,0,0,0,0,0,0.9796752,2
192.168.0.111,140.82.114.25,39166,443,6,91.0,52,52,1,1,156,16,16,16,0,0,0,0,52,52,52,52,52,52,0,0,0,0,2649,2649,2,0,0,0,0,68,76,0,0,0,0,0,0,1781376331319,1781376331476,0,0,0,0,0,0,0,0,0,0.97456783,2
192.168.0.111,181.213.132.2,29301,53,17,5.0,59,116,1,1,17,0,0,0,0,0,0,0,116,59,59,116,59,116,0,0,0,0,26222,51555,2,0,0,0,0,0,0,0,0,0,65,0,0,1781376331590,1781376331608,0,0,0,0,0,0,0,0,1,0.8803439,2
192.168.0.111,181.213.132.2,35308,53,17,5.0,59,315,1,1,26,0,0,0,0,0,0,0,315,59,59,315,59,315,0,0,0,0,17481,93333,1,0,1,0,0,0,0,0,0,0,1,300,0,1781376331590,1781376331617,0,0,0,0,0,0,0,0,1,0.8384275,-1
0.0.0.0,0.0.0.0,0,0,58,102.0,200,0,1,0,0,0,0,0,0,0,0,0,200,200,0,200,200,",",0,0,0,0,1600000,0,0,1,0,0,0,0,0,34304,134,0,0,0,0,1781376331890,1781376331890,0,0,0,0,0,0,0,0,0,0.85565335,1
192.168.0.111,142.251.156.119,57444,443,17,188.0,2655,18820,26,30,1647,0,0,0,1594,1594,64,64,1278,49,49,1278,"507,2148","552,18268",0,0,0,0,12888,91359,23,17,2,2,12,0,0,0,0,0,0,0,0,1781376330275,1781376331923,0,734,63,168,0,709,54,151,0,0.78844196,-1
192.168.0.111,172.217.30.129,41218,443,17,188.0,13832,69829,90,79,1820,0,0,0,1820,1790,64,64,1278,51,51,1278,"1130,12702","316,69513",0,0,0,0,60766,306772,51,60,2,4,52,0,0,0,0,0,0,0,0,1781376330131,1781376331952,0,1465,20,154,0,1438,22,161,1,0.89019346,1
107.182.232.230,192.168.0.111,443,43824,6,91.0,135,104,2,2,40,25,25,16,0,40,45,45,83,52,52,83,"135,","52,52",0,0,0,0,26341,20292,4,0,0,0,0,489,63,0,0,0,0,0,0,1781376331986,1781376332026,0,0,0,0,40,40,40,0,0,0.9678831,2
107.182.232.230,192.168.0.111,443,43810,6,91.0,135,104,2,2,42,25,25,16,0,42,45,45,83,52,52,83,"135,","52,52",0,0,0,0,25116,19348,4,0,0,0,0,489,62,0,0,0,0,0,0,1781376331989,1781376332031,0,0,0,0,42,42,42,0,0,0.9676518,2
192.168.0.111,216.239.34.223,38628,443,17,188.0,367,322,3,4,316,0,0,0,255,264,64,64,244,51,51,244,"244,123","56,266",0,0,0,0,9261,8126,5,2,0,0,0,0,0,0,0,0,0,0,0,1781376331937,1781376332254,77,178,127,50,0,203,87,85,1,0.99033797,2
0.0.0.0,0.0.0.0,0,0,58,102.0,312,0,2,0,474,0,0,0,474,0,1,1,156,156,0,156,"156,156",",,",0,0,0,0,5254,0,0,2,0,0,0,0,0,36608,143,0,0,0,0,1781376331893,1781376332367,474,474,474,0,0,0,0,0,0,0.8848644,1
192.168.0.6,224.0.0.22,0,0,2,82.0,88,0,2,0,1536,0,0,0,1536,0,1,1,48,40,0,48,"48,40",",,",0,0,0,0,458,0,2,0,0,0,0,0,0,0,0,0,0,0,0,1781376331173,1781376332709,1536,1536,1536,0,0,0,0,0,0,0.9697276,2
192.168.0.111,192.168.0.6,58076,8009,6,139.0,180,0,3,0,2047,2,2,0,2047,0,64,64,60,60,0,60,"60,60,60",",,,",120,2,0,0,703,0,3,0,0,0,0,64240,0,30720,120,0,0,0,0,1781376330680,1781376332728,1022,1025,1023,1,0,0,0,0,1,0.9498674,1
192.168.0.111,142.250.78.110,36777,443,17,188.0,14065,102200,32,107,2858,0,0,0,2818,2756,64,64,1278,51,51,1278,"12035,,2030","101744,54,402",0,0,0,0,39356,285974,35,6,5,16,77,0,0,0,0,0,0,0,0,1781376330056,1781376332914,0,1758,90,308,0,1754,25,172,0,0.94475764,2
189.4.7.205,192.168.0.111,443,43276,17,188.0,84259,605,72,10,331,0,0,0,330,326,121,121,1278,60,60,1278,84259,605,0,0,0,0,2030337,14578,14,2,1,0,65,0,0,0,0,0,0,0,0,1781376332637,1781376332968,0,293,4,34,0,292,35,90,1,0.9984269,2
189.4.7.204,192.168.0.111,443,49681,17,188.0,1650621,11917,1301,153,2913,0,0,0,2913,2912,121,121,1278,54,54,1278,"1359324,,291297","10142,,1775",0,0,0,0,4531560,32716,157,3,1,1,1292,0,0,0,0,0,0,0,0,1781376330056,1781376332969,0,2132,2,59,0,2161,18,176,1,0.9976568,2
189.4.7.205,192.168.0.111,443,43276,17,188.0,280408,5838,226,50,197,0,0,0,197,179,121,121,1278,51,51,1278,"133354,147054","1766,4072",0,0,0,0,11329616,235878,52,2,1,1,220,0,0,0,0,0,0,0,0,1781376332970,1781376333167,0,81,0,5,0,59,3,8,1,0.85959756,1
192.168.0.111,172.217.30.129,41218,443,17,188.0,264,1451,2,3,81,0,0,0,30,50,64,64,1273,54,54,1273,264,1451,0,0,0,0,25756,141560,3,1,0,0,1,0,0,0,0,0,0,0,0,1781376333277,1781376333359,30,30,30,0,50,50,25,25,1,0.9899796,2
192.168.0.111,172.217.30.34,41234,443,17,188.0,478,742,6,7,256,0,0,0,199,201,64,64,194,49,49,194,"478,","690,52",0,0,0,0,14879,23097,10,3,0,0,0,0,0,0,0,0,0,0,0,1781376333754,1781376334011,8,80,39,26,0,59,33,23,1,0.9139774,2
192.168.0.6,224.0.0.22,0,0,2,82.0,40,0,1,0,0,0,0,0,0,0,0,0,40,40,0,40,40,",",0,0,0,0,320000,0,1,0,0,0,0,0,0,0,0,0,0,0,0,1781376334142,1781376334142,0,0,0,0,0,0,0,0,0,0.97581017,2
192.168.0.111,172.217.29.206,44771,443,17,188.0,2927,864,6,6,287,0,0,0,261,257,64,64,1278,52,52,1278,"2804,123","107,757",0,0,0,0,81305,24000,8,1,0,1,2,0,0,0,0,0,0,0,0,1781376333921,1781376334209,28,174,51,64,0,179,51,66,1,0.99571925,2
192.168.0.111,181.213.132.2,31006,53,17,5.0,74,161,1,1,14,0,0,0,0,0,0,0,161,74,74,161,74,161,0,0,0,0,39466,85866,1,1,0,0,0,0,0,0,0,0,65,0,0,1781376334744,1781376334759,0,0,0,0,0,0,0,0,1,0.926398,2
192.168.0.111,181.213.132.2,46294,53,17,5.0,74,202,1,1,21,0,0,0,0,0,0,0,202,74,74,202,74,202,0,0,0,0,26909,73454,1,1,0,0,0,0,0,0,0,0,1,60,0,1781376334744,1781376334766,0,0,0,0,0,0,0,0,1,0.7717577,-1
192.168.0.111,107.182.232.230,43824,443,6,91.0,52,0,1,0,0,20,20,0,0,0,0,0,52,52,0,52,52,",",0,0,0,0,416000,0,1,0,0,0,0,63,0,0,0,0,0,0,0,1781376334767,1781376334767,0,0,0,0,0,0,0,0,0,0.9119275,2
192.168.0.111,107.182.232.230,43810,443,6,91.0,52,0,1,0,0,20,20,0,0,0,0,0,52,52,0,52,52,",",0,0,0,0,416000,0,1,0,0,0,0,62,0,0,0,0,0,0,0,1781376334767,1781376334767,0,0,0,0,0,0,0,0,0,0.9119275,2
192.168.0.111,192.168.0.6,58076,8009,6,139.0,60,0,1,0,0,2,2,0,0,0,0,0,60,60,0,60,60,",",0,0,0,0,480000,0,1,0,0,0,0,64240,0,0,0,0,0,0,0,1781376334775,1781376334775,0,0,0,0,0,0,0,0,0,0.89845955,2
172.217.29.195,192.168.0.111,443,33524,6,91.0,104,104,2,2,1384,17,17,17,1384,1297,116,116,52,52,52,52,"52,52","52,52",0,0,0,0,600,600,4,0,0,0,0,1044,66,0,0,0,0,0,0,1781376333430,1781376334814,1384,1384,1384,0,1297,1297,1297,0,0,0.9770682,2
192.168.0.111,54.211.156.164,54318,443,6,91.0,3645,6062,11,8,679,26,26,26,539,512,64,64,5079,52,52,5079,"2171,1474","60,6002",0,0,0,0,42882,71317,12,2,1,2,1,64240,26847,0,0,0,0,0,0,1781376334768,1781376335447,0,167,53,70,0,181,72,82,1,0.9984732,2
192.168.0.111,216.239.36.223,46326,443,6,91.0,52,52,1,1,34,16,16,16,0,0,0,0,52,52,52,52,52,52,0,0,0,0,11885,11885,2,0,0,0,0,67,1322,0,0,0,0,0,0,1781376335415,1781376335450,0,0,0,0,0,0,0,0,0,0.97984457,2
192.168.0.111,181.213.132.2,56303,53,17,5.0,81,97,1,1,23,0,0,0,0,0,0,0,97,81,81,97,81,97,0,0,0,0,27000,32333,2,0,0,0,0,0,0,0,0,0,1,585,0,1781376335936,1781376335959,0,0,0,0,0,0,0,0,1,0.7329437,-1
192.168.0.111,181.213.132.2,42082,53,17,5.0,81,166,1,1,82,0,0,0,0,0,0,0,166,81,81,166,"81,",",,166",0,0,0,0,7807,16000,1,1,0,0,0,0,0,0,0,0,28,0,0,1781376335935,1781376336018,0,0,0,0,0,0,0,0,1,0.7867913,-1
192.168.0.111,181.213.132.2,13225,53,17,5.0,65,256,1,1,24,0,0,0,0,0,0,0,256,65,65,256,65,256,0,0,0,0,20800,81920,1,1,0,0,0,0,0,0,0,0,65,0,0,1781376336264,1781376336289,0,0,0,0,0,0,0,0,1,0.9818409,2
192.168.0.111,181.213.132.2,64833,53,17,5.0,65,228,1,1,25,0,0,0,0,0,0,0,228,65,65,228,65,228,0,0,0,0,20000,70153,1,1,0,0,0,0,0,0,0,0,1,28,0,1781376336265,1781376336290,0,0,0,0,0,0,0,0,1,0.797694,-1
192.168.0.111,13.107.253.33,33920,443,6,91.0,3669,10995,14,14,186,26,26,26,157,154,64,64,2948,52,52,2948,3669,10995,0,0,0,0,156962,470374,14,2,6,1,2,64240,65535,0,0,0,0,0,0,1781376336290,1781376336477,0,42,11,15,0,42,11,16,0,0.9703222,2
192.168.0.111,216.239.36.223,33508,443,6,91.0,825,6407,6,6,213,24,24,24,213,179,64,64,2852,52,52,2852,825,6407,0,0,0,0,30841,239514,7,0,0,2,2,67,1032,0,0,0,0,0,0,1781376336336,1781376336549,0,209,42,83,0,175,35,69,1,0.9965642,2
192.168.0.111,151.101.1.242,45416,443,6,91.0,52,52,1,1,15,16,16,16,0,0,0,0,52,52,52,52,52,52,0,0,0,0,26000,26000,2,0,0,0,0,306,253,0,0,0,0,0,0,1781376336951,1781376336966,0,0,0,0,0,0,0,0,0,0.9797737,2
192.168.0.111,34.54.84.110,49922,443,6,91.126,3686,5590,17,14,1293,27,27,27,1293,1262,64,64,2852,52,52,2852,"2743,943","5247,343",0,0,0,0,22788,34559,21,4,3,0,1,64240,65535,0,0,0,0,0,0,1781376336019,1781376337312,0,837,80,201,0,835,96,216,1,0.9967739,2
192.168.0.111,192.168.0.6,34890,8009,6,139.0,60,0,1,0,0,2,2,0,0,0,0,0,60,60,0,60,60,",",0,0,0,0,480000,0,1,0,0,0,0,64240,0,0,0,0,0,0,0,1781376337573,1781376337573,0,0,0,0,0,0,0,0,0,0.89845955,2
192.168.0.111,142.250.78.110,36777,443,17,188.0,16106,8281,22,21,4617,0,0,0,4573,4575,64,64,1278,54,54,1278,"11853,3949,,,304","1069,1882,,,5330",0,0,0,0,27901,14345,17,5,4,2,15,0,0,0,0,0,0,0,0,1781376333223,1781376337841,0,2984,217,639,0,2996,228,655,0,0.869129,2
0.0.0.0,0.0.0.0,0,0,58,102.0,400,0,2,0,2969,0,0,0,2969,0,255,255,200,200,0,200,"200,,,200",",,,,",0,0,0,0,1077,0,0,2,0,0,0,0,0,34304,134,0,0,0,0,1781376334962,1781376337932,2969,2969,2969,0,0,0,0,0,1,0.7919587,-1
0.0.0.0,0.0.0.0,0,0,58,102.0,468,0,3,0,2969,0,0,0,2969,0,1,1,156,156,0,156,"156,156,,156",",,,,",0,0,0,0,1260,0,0,3,0,0,0,0,0,36608,143,0,0,0,0,1781376334965,1781376337934,498,2470,1484,986,0,0,0,0,0,0.9429323,2
192.168.0.111,172.217.172.150,55873,443,17,188.0,1087,100856,12,82,941,0,0,0,941,903,64,64,1278,54,54,1278,"784,303","77543,23313",0,0,0,0,9231,856526,11,3,1,1,78,0,0,0,0,0,0,0,0,1781376337585,1781376338526,3,719,85,201,0,701,11,77,0,0.73106086,-1
192.168.0.111,189.4.7.204,49681,443,17,188.0,14039,1587190,182,1255,5559,0,0,0,5552,5558,64,64,1278,54,54,1278,"1219,10008,,,,181,2631","164071,968525,,,,17547,437047",0,0,0,0,20200,2283726,187,4,2,5,1239,0,0,0,0,0,0,0,0,1781376332970,1781376338529,0,4600,30,342,0,4578,4,130,0,0.9622712,2
172.217.172.150,192.168.0.111,443,55873,17,188.0,54,0,1,0,0,0,0,0,0,0,0,0,54,54,0,54,54,",",0,0,0,0,432000,0,1,0,0,0,0,0,0,0,0,0,0,0,0,1781376338575,1781376338575,0,0,0,0,0,0,0,0,1,0.6888772,-1
192.168.0.111,181.213.132.2,41446,53,17,5.0,81,97,1,1,23,0,0,0,0,0,0,0,97,81,81,97,81,97,0,0,0,0,27000,32333,2,0,0,0,0,0,0,0,0,0,1,585,0,1781376339516,1781376339539,0,0,0,0,0,0,0,0,1,0.7329437,-1
192.168.0.111,181.213.132.2,40969,53,17,5.0,81,166,1,1,29,0,0,0,0,0,0,0,166,81,81,166,81,166,0,0,0,0,21600,44266,1,1,0,0,0,0,0,0,0,0,28,0,0,1781376339516,1781376339546,0,0,0,0,0,0,0,0,1,0.7941341,-1
192.168.0.111,34.54.84.110,49930,443,6,91.126,4463,72348,40,42,336,27,27,27,336,304,64,64,2852,52,52,2852,4463,72348,0,0,0,0,105946,1717459,49,3,1,0,4,64240,65535,0,0,0,0,0,0,1781376339546,1781376339883,0,149,8,25,0,122,7,20,0,0.7689577,-1
192.168.0.111,172.217.30.99,45280,443,17,188.126,8909,9101,13,17,330,0,0,0,330,298,64,64,1278,50,50,1278,8909,9101,0,0,0,0,215323,219963,12,2,2,3,11,0,0,0,0,0,0,0,0,1781376340041,1781376340371,0,129,27,45,0,265,18,64,1,0.792597,-1
192.168.0.111,172.217.29.106,39284,443,6,91.0,52,52,1,1,30,16,16,16,0,0,0,0,52,52,52,52,52,52,0,0,0,0,13419,13419,2,0,0,0,0,67,1044,0,0,0,0,0,0,1781376341047,1781376341077,0,0,0,0,0,0,0,0,0,0.97995204,2
192.168.0.111,172.217.192.188,58174,5228,6,126.0,52,52,1,1,85,16,16,16,0,0,0,0,52,52,52,52,52,52,0,0,0,0,4837,4837,2,0,0,0,0,67,1043,0,0,0,0,0,0,1781376341048,1781376341133,0,0,0,0,0,0,0,0,0,0.9777854,2
192.168.0.111,216.239.36.223,46310,443,6,91.0,52,52,1,1,30,16,16,16,0,0,0,0,52,52,52,52,52,52,0,0,0,0,13419,13419,2,0,0,0,0,73,11010,0,0,0,0,0,0,1781376341559,1781376341590,0,0,0,0,0,0,0,0,0,0.97995204,2
192.168.0.111,216.239.36.223,49380,443,6,91.0,52,52,1,1,36,16,16,16,0,0,0,0,52,52,52,52,52,52,0,0,0,0,11243,11243,2,0,0,0,0,67,11264,0,0,0,0,0,0,1781376341559,1781376341595,0,0,0,0,0,0,0,0,0,0.9797793,2
140.82.114.25,192.168.0.111,443,45288,6,91.0,129,81,2,1,150,24,24,24,150,0,44,44,81,52,52,81,"77,52","81,",0,0,0,0,6834,4291,3,0,0,0,0,76,68,0,0,0,0,0,0,1781376342878,1781376343028,150,150,150,0,0,0,0,0,0,0.9363109,2
140.82.114.22,192.168.0.111,443,53610,6,91.0,219,132,3,3,160,29,25,21,160,159,44,44,91,40,40,91,219,132,0,0,0,0,10881,6559,6,0,0,0,0,84,68,0,0,0,0,0,0,1781376343101,1781376343261,0,160,80,80,0,159,79,79,0,0.984837,2
192.168.0.111,172.217.172.170,60931,443,17,188.0,118,356,2,2,5405,0,0,0,5405,5364,64,64,303,53,53,303,"57,,,,,61","53,,,,,303",0,0,0,0,174,526,3,0,1,0,0,0,0,0,0,0,0,0,0,1781376339124,1781376344529,5405,5405,5405,0,5364,5364,5364,0,0,0.9862233,2
192.168.0.111,192.168.0.6,34890,8009,6,139.0,360,0,6,0,6143,2,2,0,6143,0,64,64,60,60,0,60,"60,60,60,60,60,,60",",,,,,,,",300,5,0,0,468,0,6,0,0,0,0,64240,0,11264,44,0,0,0,0,1781376338616,1781376344759,1023,2047,1228,409,0,0,0,0,0,0.968256,2
4.228.31.149,192.168.0.111,443,50916,6,91.0,219,132,3,3,25,29,25,21,25,25,45,45,91,40,40,91,219,132,0,0,0,0,67384,40615,6,0,0,0,0,73,68,0,0,0,0,0,0,1781376345385,1781376345411,1,24,12,11,1,23,12,11,0,0.95970446,2
192.168.0.111,142.250.78.110,36777,443,17,188.0,12959,2297,21,18,6857,0,0,0,6817,6817,64,64,1278,51,51,1278,"2803,,,,4121,,,6035","275,,,,634,,,1388",0,0,0,0,15116,2679,26,1,1,2,9,0,0,0,0,0,0,0,0,1781376338745,1781376345602,0,3094,340,841,0,3089,400,898,1,0.9714068,2
192.168.0.111,216.239.36.223,33538,443,6,91.0,52,52,1,1,35,16,16,16,0,0,0,0,52,52,52,52,52,52,0,0,0,0,11555,11555,2,0,0,0,0,67,1031,0,0,0,0,0,0,1781376346680,1781376346716,0,0,0,0,0,0,0,0,0,0.9798116,2
0.0.0.0,0.0.0.0,0,0,58,102.0,600,0,3,0,6041,0,0,0,6041,0,255,255,200,200,0,200,"200,,,200,,,200",",,,,,,,",0,0,0,0,794,0,0,3,0,0,0,0,0,34304,134,0,0,0,0,1781376340901,1781376346943,2969,3072,3020,51,0,0,0,0,1,0.54947793,-1
0.0.0.0,0.0.0.0,0,0,58,102.0,1092,0,7,0,8704,0,0,0,8704,0,1,1,156,156,0,156,"156,,156,156,,156,156,,156,156",",,,,,,,,,,",0,0,0,0,1003,0,0,7,0,0,0,0,0,36608,143,0,0,0,0,1781376338935,1781376347639,527,2545,1450,844,0,0,0,0,0,0.9878798,2
192.168.0.111,181.213.132.2,26439,53,17,5.0,62,146,1,1,26,0,0,0,0,0,0,0,146,62,62,146,62,146,0,0,0,0,18370,43259,1,1,0,0,0,0,0,0,0,0,65,0,0,1781376347972,1781376347999,0,0,0,0,0,0,0,0,1,0.9452935,2
192.168.0.111,181.213.132.2,38812,53,17,5.0,62,97,1,1,31,0,0,0,0,0,0,0,97,62,62,97,"62,",",,97",0,0,0,0,15500,24250,2,0,0,0,0,0,0,0,0,0,1,60,0,1781376347972,1781376348004,0,0,0,0,0,0,0,0,1,0.71192497,-1
140.82.114.25,192.168.0.111,443,39166,6,91.0,273,229,4,4,2162,29,25,29,2162,2162,42,42,97,40,40,97,"93,52,,128","97,,52,80",0,0,0,0,1009,846,8,0,0,0,0,76,68,0,0,0,0,0,0,1781376345850,1781376348013,1,2001,720,907,1,2001,720,908,0,0.9550662,2
192.168.0.111,140.82.112.26,57648,443,6,91.203,3499,3580,9,6,451,26,26,26,451,301,64,64,2900,52,52,2900,3499,3580,0,0,0,0,61929,63362,8,2,2,0,2,64240,65535,0,0,0,0,0,0,1781376348005,1781376348456,0,154,56,70,0,155,60,73,1,0.99539727,2
189.4.7.204,192.168.0.111,443,49681,17,188.0,1808413,28857,1438,334,9956,0,0,0,9952,9955,121,121,1278,54,54,1278,"16263,,,,150430,902559,,,,17547,721614","2899,,,,971,14412,,,,182,10393",0,0,0,0,1452978,23185,342,8,3,6,1413,0,0,0,0,0,0,0,0,1781376338529,1781376348485,0,4516,6,164,0,4540,29,342,0,0.8560798,2
192.168.0.111,181.213.132.2,25488,53,17,5.0,56,121,1,1,22,0,0,0,0,0,0,0,121,56,56,121,56,121,0,0,0,0,19478,42086,2,0,0,0,0,0,0,0,0,0,65,0,0,1781376350515,1781376350538,0,0,0,0,0,0,0,0,1,0.89190406,2
192.168.0.111,181.213.132.2,34957,53,17,5.0,56,72,1,1,28,0,0,0,0,0,0,0,72,56,56,72,56,72,0,0,0,0,15448,19862,2,0,0,0,0,0,0,0,0,0,1,60,0,1781376350515,1781376350544,0,0,0,0,0,0,0,0,1,0.6326357,-1
140.82.112.26,192.168.0.111,443,57648,6,91.0,870,275,5,5,2141,29,25,29,2141,2139,48,48,638,40,40,638,"690,,180","103,,172",0,0,0,0,3249,1027,9,0,0,1,0,73,68,0,0,0,0,0,0,1781376348499,1781376350641,0,1948,535,819,0,2000,534,847,1,0.9965346,2
192.168.0.111,216.239.36.223,46326,443,6,91.0,52,52,1,1,36,16,16,16,0,0,0,0,52,52,52,52,52,52,0,0,0,0,11243,11243,2,0,0,0,0,67,1322,0,0,0,0,0,0,1781376350776,1781376350813,0,0,0,0,0,0,0,0,0,0.9797793,2
192.168.0.111,4.228.31.150,38584,443,6,91.203,3820,8991,12,9,293,26,26,26,293,265,64,64,5247,52,52,5247,3820,8991,0,0,0,0,103945,244653,12,3,2,0,2,64240,65535,0,0,0,0,0,0,1781376350544,1781376350838,0,201,26,56,0,135,32,44,1,0.9973876,2
192.168.0.111,142.251.156.119,57444,443,17,188.0,667,4169,7,8,1294,0,0,0,1240,1264,64,64,1278,52,52,1278,"199,468","1278,2891",0,0,0,0,4120,25754,8,4,0,0,3,0,0,0,0,0,0,0,0,1781376349632,1781376350927,26,735,206,260,0,709,180,240,1,0.9545984,2
192.168.0.111,140.82.112.26,57652,443,6,91.203,4209,4319,11,8,702,26,26,26,702,507,64,64,2900,52,52,2900,"2105,2104","60,4259",0,0,0,0,47897,49149,10,2,1,3,2,64240,65535,0,0,0,0,0,0,1781376350843,1781376351546,0,216,70,83,0,176,72,78,1,0.9957123,2
192.168.0.111,216.239.36.223,33508,443,6,91.0,52,52,1,1,26,16,16,16,0,0,0,0,52,52,52,52,52,52,0,0,0,0,15407,15407,2,0,0,0,0,67,1032,0,0,0,0,0,0,1781376351799,1781376351826,0,0,0,0,0,0,0,0,0,0.98003435,2
192.168.0.111,142.250.78.110,36777,443,17,188.0,8894,16183,17,27,7152,0,0,0,7106,7107,64,64,1278,51,51,1278,"5780,,,,1289,,,1825","15633,,,,275,,,275",0,0,0,0,9947,18099,23,0,2,2,17,0,0,0,0,0,0,0,0,1781376348714,1781376355866,0,3817,443,1091,0,3815,273,883,1,0.96869373,2
192.168.0.111,34.54.84.110,42128,443,6,91.0,52,52,1,1,26,16,16,16,0,0,0,0,52,52,52,52,52,52,0,0,0,0,15407,15407,2,0,0,0,0,144,1025,0,0,0,0,0,0,1781376355895,1781376355922,0,0,0,0,0,0,0,0,0,0.98003435,2
0.0.0.0,0.0.0.0,0,0,58,102.0,600,0,3,0,6041,0,0,0,6041,0,255,255,200,200,0,200,"200,,,200,,,200",",,,,,,,",0,0,0,0,794,0,0,3,0,0,0,0,0,34304,134,0,0,0,0,1781376349913,1781376355954,2969,3071,3020,51,0,0,0,0,1,0.5495762,-1
0.0.0.0,0.0.0.0,0,0,58,102.0,936,0,6,0,6459,0,0,0,6459,0,1,1,156,156,0,156,"156,156,,156,156,,156,156",",,,,,,,,",0,0,0,0,1159,0,0,6,0,0,0,0,0,36608,143,0,0,0,0,1781376349916,1781376356375,162,2909,1291,1165,0,0,0,0,0,0.9461127,2
192.168.0.111,172.217.29.106,39284,443,6,91.0,52,52,1,1,27,16,16,16,0,0,0,0,52,52,52,52,52,52,0,0,0,0,14857,14857,2,0,0,0,0,67,1044,0,0,0,0,0,0,1781376356407,1781376356434,0,0,0,0,0,0,0,0,0,0.9800152,2
192.168.0.111,172.217.28.65,45216,443,6,91.0,52,52,1,1,40,16,16,16,0,0,0,0,52,52,52,52,52,52,0,0,0,0,10146,10146,2,0,0,0,0,67,1045,0,0,0,0,0,0,1781376356407,1781376356447,0,0,0,0,0,0,0,0,0,0.9796378,2
192.168.0.111,172.217.30.129,41218,443,17,188.0,8975,50721,52,64,7511,0,0,0,7477,7485,64,64,1278,53,53,1278,"7271,461,,,273,274,,,696","9031,34972,,,1151,711,,,4856",0,0,0,0,9558,54015,25,47,5,5,34,0,0,0,0,0,0,0,0,1781376348943,1781376356455,0,3170,146,610,0,3159,118,552,1,0.90843296,1
192.168.0.111,216.239.36.223,49380,443,6,91.0,52,52,1,1,29,16,16,16,0,0,0,0,52,52,52,52,52,52,0,0,0,0,13866,13866,2,0,0,0,0,67,11264,0,0,0,0,0,0,1781376356919,1781376356949,0,0,0,0,0,0,0,0,0,0.9799738,2
192.168.0.111,216.239.36.223,46310,443,6,91.0,52,52,1,1,37,16,16,16,0,0,0,0,52,52,52,52,52,52,0,0,0,0,10947,10947,2,0,0,0,0,73,11010,0,0,0,0,0,0,1781376356919,1781376356956,0,0,0,0,0,0,0,0,0,0.97974634,2
192.168.0.111,107.182.232.230,46728,443,6,91.0,3151,1016,8,5,618,26,26,26,618,389,64,64,1500,52,52,1500,"2273,878","60,956",0,0,0,0,40723,13130,8,1,0,3,1,64240,65160,0,0,0,0,0,0,1781376356725,1781376357343,0,235,88,102,0,194,97,92,1,0.9838356,2
189.4.7.204,192.168.0.111,443,49681,17,188.0,1808795,25880,1441,289,9716,0,0,0,9716,9715,121,121,1278,53,53,1278,"182694,,,,17547,1385219,,,,17547,205788","4154,,,,182,16977,,,,182,4385",0,0,0,0,1489179,21306,299,9,3,5,1414,0,0,0,0,0,0,0,0,1781376348486,1781376358203,0,4264,6,157,0,4290,33,353,0,0.7782917,-1
192.168.0.111,18.67.162.125,36814,443,6,91.0,3876,739,6,6,140,24,24,24,67,115,64,64,1480,52,52,1480,3876,739,1083,1,0,0,219914,41929,8,0,1,0,3,62,168,15104,59,0,0,0,0,1781376359175,1781376359316,0,37,13,16,0,73,22,27,1,0.88809997,1
192.168.0.111,185.199.109.133,34044,443,6,91.0,52,52,1,1,20,16,16,16,0,0,0,0,52,52,52,52,52,52,0,0,0,0,19809,19809,2,0,0,0,0,69,279,0,0,0,0,0,0,1781376361527,1781376361548,0,0,0,0,0,0,0,0,0,0.9800744,2
192.168.0.111,142.251.156.119,42098,443,6,91.0,52,52,1,1,37,16,16,16,0,0,0,0,52,52,52,52,52,52,0,0,0,0,10947,10947,2,0,0,0,0,61,1041,0,0,0,0,0,0,1781376361527,1781376361565,0,0,0,0,0,0,0,0,0,0.97974634,2
192.168.0.111,142.251.156.119,42084,443,6,91.0,52,52,1,1,41,16,16,16,0,0,0,0,52,52,52,52,52,52,0,0,0,0,9904,9904,2,0,0,0,0,61,1041,0,0,0,0,0,0,1781376361527,1781376361568,0,0,0,0,0,0,0,0,0,0.9796,2
192.168.0.111,140.82.112.21,55900,443,6,91.0,52,52,1,1,152,16,16,16,0,0,0,0,52,52,52,52,52,52,0,0,0,0,2718,2718,2,0,0,0,0,68,92,0,0,0,0,0,0,1781376361527,1781376361680,0,0,0,0,0,0,0,0,0,0.97477007,2
192.168.0.111,216.239.36.223,33538,443,6,91.0,52,52,1,1,34,16,16,16,0,0,0,0,52,52,52,52,52,52,0,0,0,0,11885,11885,2,0,0,0,0,67,1031,0,0,0,0,0,0,1781376362039,1781376362073,0,0,0,0,0,0,0,0,0,0.97984457,2
192.168.0.111,142.251.156.119,42082,443,6,91.0,52,52,1,1,29,16,16,16,0,0,0,0,52,52,52,52,52,52,0,0,0,0,13866,13866,2,0,0,0,0,321,873,0,0,0,0,0,0,1781376364407,1781376364436,0,0,0,0,0,0,0,0,0,0.9799738,2
192.168.0.111,172.217.172.170,60931,443,17,188.0,118,356,2,2,5678,0,0,0,5678,5637,64,64,303,53,53,303,"57,,,,,,61","53,,,,,,303",0,0,0,0,166,501,3,0,1,0,0,0,0,0,0,0,0,0,0,1781376359523,1781376365201,5678,5678,5678,0,5637,5637,5637,0,0,0.9723246,2
192.168.0.111,172.217.30.34,51848,443,6,91.0,52,52,1,1,26,16,16,16,0,0,0,0,52,52,52,52,52,52,0,0,0,0,15407,15407,2,0,0,0,0,67,1041,0,0,0,0,0,0,1781376365623,1781376365649,0,0,0,0,0,0,0,0,0,0.98003435,2
192.168.0.111,172.217.172.150,60830,443,6,91.0,52,52,1,1,36,16,16,16,0,0,0,0,52,52,52,52,52,52,0,0,0,0,11243,11243,2,0,0,0,0,67,1041,0,0,0,0,0,0,1781376365623,1781376365660,0,0,0,0,0,0,0,0,0,0.9797793,2
192.168.0.111,142.250.78.110,60150,443,6,91.0,52,52,1,1,36,16,16,16,0,0,0,0,52,52,52,52,52,52,0,0,0,0,11243,11243,2,0,0,0,0,92,1034,0,0,0,0,0,0,1781376365623,1781376365660,0,0,0,0,0,0,0,0,0,0.9797793,2
192.168.0.111,52.7.130.227,52984,443,6,91.0,52,52,1,1,157,16,16,16,0,0,0,0,52,52,52,52,52,52,0,0,0,0,2632,2632,2,0,0,0,0,70,272,0,0,0,0,0,0,1781376365623,1781376365781,0,0,0,0,0,0,0,0,0,0.97451675,2
192.168.0.111,216.239.36.223,46326,443,6,91.0,52,52,1,1,34,16,16,16,0,0,0,0,52,52,52,52,52,52,0,0,0,0,11885,11885,2,0,0,0,0,67,1322,0,0,0,0,0,0,1781376366135,1781376366170,0,0,0,0,0,0,0,0,0,0.97984457,2
192.168.0.111,192.168.0.6,58178,8009,6,139.0,360,0,6,0,5098,2,2,0,5098,0,64,64,60,60,0,60,"60,60,60,60,60,60",",,,,,,",300,5,0,0,564,0,6,0,0,0,0,64240,0,11264,44,0,0,0,0,1781376361357,1781376366455,1003,1024,1019,8,0,0,0,0,0,0.94782203,2
192.168.0.111,172.217.30.129,41218,443,17,188.0,5754,28942,31,40,329,0,0,0,297,304,64,64,1278,52,52,1278,5754,28942,0,0,0,0,139490,701624,16,31,1,5,18,0,0,0,0,0,0,0,0,1781376366245,1781376366575,0,228,9,40,0,186,7,29,0,0.9329888,2
192.168.0.111,142.250.78.110,36777,443,17,188.0,21415,17492,39,44,7921,0,0,0,7877,7879,64,64,1278,51,51,1278,"1763,1590,6023,1592,,4121,1795,,4531","275,275,1339,275,,114,624,,14590",0,0,0,0,21625,17664,46,8,2,2,25,0,0,0,0,0,0,0,0,1781376358719,1781376366640,0,2322,206,468,0,2334,182,446,1,0.66571605,-1
192.168.0.111,142.251.156.119,57444,443,17,188.0,517,8238,6,9,6711,0,0,0,6658,6680,64,64,1278,53,53,1278,"259,,,,,,258,","3612,,,,,,4572,54",0,0,0,0,616,9818,6,2,0,2,5,0,0,0,0,0,0,0,0,1781376360303,1781376367015,0,6571,1331,2619,0,6573,834,2168,0,0.9224525,2
192.168.0.111,216.239.36.223,33508,443,6,91.0,52,52,1,1,29,16,16,16,0,0,0,0,52,52,52,52,52,52,0,0,0,0,13866,13866,2,0,0,0,0,67,1032,0,0,0,0,0,0,1781376367159,1781376367188,0,0,0,0,0,0,0,0,0,0.9799738,2
0.0.0.0,0.0.0.0,0,0,58,102.0,800,0,4,0,9011,0,0,0,9011,0,255,255,200,200,0,200,"200,,,200,,,200,,,200",",,,,,,,,,,",0,0,0,0,710,0,0,4,0,0,0,0,0,34304,134,0,0,0,0,1781376358924,1781376367936,2969,3072,3003,48,0,0,0,0,1,0.8991165,2
0.0.0.0,0.0.0.0,0,0,58,102.0,1092,0,7,0,9011,0,0,0,9011,0,1,1,156,156,0,156,"156,156,,156,156,,156,156,,156",",,,,,,,,,,",0,0,0,0,969,0,0,7,0,0,0,0,0,36608,143,0,0,0,0,1781376358927,1781376367938,433,2535,1501,814,0,0,0,0,0,0.98707795,2
189.4.7.204,192.168.0.111,443,49681,17,188.0,1852302,26257,1470,301,9770,0,0,0,9770,9769,121,121,1278,54,54,1278,"989246,,,,17547,721630,,,,123879","16672,,,,182,8675,,,,728",0,0,0,0,1516571,21497,309,8,2,3,1449,0,0,0,0,0,0,0,0,1781376358203,1781376367974,0,4617,6,166,0,4642,32,369,0,0.8044502,-1
192.168.0.111,192.168.0.6,58178,8009,6,139.0,60,0,1,0,0,2,2,0,0,0,0,0,60,60,0,60,60,",",0,0,0,0,480000,0,1,0,0,0,0,64240,0,0,0,0,0,0,0,1781376368503,1781376368503,0,0,0,0,0,0,0,0,0,0.89845955,2
192.168.0.111,172.217.30.129,41218,443,17,188.0,276,1178,2,2,96,0,0,0,49,54,64,64,1124,54,54,1124,276,1178,0,0,0,0,22762,97154,2,1,0,0,1,0,0,0,0,0,0,0,0,1781376368760,1781376368857,49,49,49,0,54,54,54,0,1,0.98634815,2
192.168.0.111,142.250.78.110,36777,443,17,188.0,1703,276,4,4,234,0,0,0,196,195,64,64,1271,51,51,1271,1703,276,0,0,0,0,57974,9395,6,0,1,0,1,0,0,0,0,0,0,0,0,1781376368744,1781376368979,48,147,65,61,0,147,64,61,1,0.99525094,2
192.168.0.111,172.217.30.129,52644,443,6,91.0,52,52,1,1,36,16,16,16,0,0,0,0,52,52,52,52,52,52,0,0,0,0,11243,11243,2,0,0,0,0,67,1038,0,0,0,0,0,0,1781376369719,1781376369756,0,0,0,0,0,0,0,0,0,0.9797793,2
192.168.0.111,172.217.172.142,51376,443,6,91.0,52,52,1,1,36,16,16,16,0,0,0,0,52,52,52,52,52,52,0,0,0,0,11243,11243,2,0,0,0,0,67,1040,0,0,0,0,0,0,1781376369719,1781376369756,0,0,0,0,0,0,0,0,0,0.9797793,2
192.168.0.111,142.251.156.119,39354,443,6,91.0,52,52,1,1,36,16,16,16,0,0,0,0,52,52,52,52,52,52,0,0,0,0,11243,11243,2,0,0,0,0,67,1041,0,0,0,0,0,0,1781376369719,1781376369756,0,0,0,0,0,0,0,0,0,0.9797793,2
192.168.0.111,142.250.219.193,49590,443,6,91.0,52,52,1,1,36,16,16,16,0,0,0,0,52,52,52,52,52,52,0,0,0,0,11243,11243,2,0,0,0,0,100,1040,0,0,0,0,0,0,1781376369719,1781376369756,0,0,0,0,0,0,0,0,0,0.9797793,2
192.168.0.111,216.239.34.223,41816,443,6,91.0,52,52,1,1,41,16,16,16,0,0,0,0,52,52,52,52,52,52,0,0,0,0,9904,9904,2,0,0,0,0,67,1042,0,0,0,0,0,0,1781376369719,1781376369761,0,0,0,0,0,0,0,0,0,0.9796,2
192.168.0.111,172.217.29.38,53314,443,6,91.0,52,52,1,1,26,16,16,16,0,0,0,0,52,52,52,52,52,52,0,0,0,0,15407,15407,2,0,0,0,0,67,1041,0,0,0,0,0,0,1781376369746,1781376369773,0,0,0,0,0,0,0,0,0,0.98003435,2
192.168.0.111,172.217.29.46,59178,443,6,91.0,52,52,1,1,28,16,16,16,0,0,0,0,52,52,52,52,52,52,0,0,0,0,14344,14344,2,0,0,0,0,67,1032,0,0,0,0,0,0,1781376369839,1781376369868,0,0,0,0,0,0,0,0,0,0.97999483,2
0.0.0.0,0.0.0.0,0,0,58,102.0,200,0,1,0,0,0,0,0,0,0,0,0,200,200,0,200,200,",",0,0,0,0,1600000,0,0,1,0,0,0,0,0,34304,134,0,0,0,0,1781376370905,1781376370905,0,0,0,0,0,0,0,0,0,0.85565335,1
192.168.0.111,142.251.135.227,38270,443,17,188.126,6971,28500,18,28,236,0,0,0,236,203,64,64,1278,51,51,1278,6971,28500,0,0,0,0,235308,962025,17,1,1,2,25,0,0,0,0,0,0,0,0,1781376371274,1781376371510,0,123,13,31,0,159,7,30,0,0.9962101,2
192.168.0.111,172.217.172.150,34545,443,17,188.124,7361,38712,22,37,233,0,0,0,233,193,64,64,1278,51,51,1278,7361,38712,0,0,0,0,251658,1323487,20,2,2,2,33,0,0,0,0,0,0,0,0,1781376371408,1781376371642,0,112,10,28,0,113,5,20,0,0.98991734,2
0.0.0.0,0.0.0.0,0,0,58,102.0,468,0,3,0,3136,0,0,0,3136,0,1,1,156,156,0,156,"156,,156,156",",,,,",0,0,0,0,1193,0,0,3,0,0,0,0,0,36608,143,0,0,0,0,1781376368567,1781376371704,794,2341,1567,773,0,0,0,0,0,0.9693489,2
192.168.0.111,172.217.29.106,39284,443,6,91.0,52,52,1,1,34,16,16,16,0,0,0,0,52,52,52,52,52,52,0,0,0,0,11885,11885,2,0,0,0,0,67,1044,0,0,0,0,0,0,1781376371768,1781376371803,0,0,0,0,0,0,0,0,0,0.97984457,2
192.168.0.111,216.239.36.223,46310,443,6,91.0,52,52,1,1,36,16,16,16,0,0,0,0,52,52,52,52,52,52,0,0,0,0,11243,11243,2,0,0,0,0,73,11010,0,0,0,0,0,0,1781376372279,1781376372316,0,0,0,0,0,0,0,0,0,0.9797793,2
192.168.0.111,216.239.36.223,49380,443,6,91.0,52,52,1,1,36,16,16,16,0,0,0,0,52,52,52,52,52,52,0,0,0,0,11243,11243,2,0,0,0,0,67,11264,0,0,0,0,0,0,1781376372279,1781376372316,0,0,0,0,0,0,0,0,0,0.9797793,2
107.182.232.230,192.168.0.111,443,46728,6,91.0,135,104,2,2,40,25,25,16,0,40,46,46,83,52,52,83,135,104,0,0,0,0,26341,20292,4,0,0,0,0,488,63,0,0,0,0,0,0,1781376372316,1781376372356,0,0,0,0,40,40,40,0,0,0.9678831,2
189.4.7.204,192.168.0.111,443,49681,17,188.0,1937160,27842,1526,328,5073,0,0,0,5073,5072,121,121,1278,54,54,1278,"164862,1311671,,,,215608,245019","798,24532,,,,1284,1228",0,0,0,0,3054253,43897,331,5,1,2,1515,0,0,0,0,0,0,0,0,1781376367974,1781376373048,0,4586,3,117,0,4607,15,254,1,0.8500127,1
192.168.0.111,192.168.0.6,57664,10247,6,0.0,52,52,1,1,7,16,16,16,0,0,0,0,52,52,52,52,52,52,0,0,0,0,52000,52000,2,0,0,0,0,63,254,0,0,0,0,0,0,1781376373815,1781376373823,0,0,0,0,0,0,0,0,0,0.9776742,2
192.168.0.111,192.168.0.6,50240,2869,6,0.0,52,52,1,1,7,16,16,16,0,0,0,0,52,52,52,52,52,52,0,0,0,0,52000,52000,2,0,0,0,0,62,254,0,0,0,0,0,0,1781376373815,1781376373823,0,0,0,0,0,0,0,0,0,0.9776742,2
192.168.0.111,189.4.7.204,38366,443,6,91.0,52,52,1,1,19,16,16,16,0,0,0,0,52,52,52,52,52,52,0,0,0,0,20800,20800,2,0,0,0,0,59,1038,0,0,0,0,0,0,1781376373815,1781376373835,0,0,0,0,0,0,0,0,0,0.98004705,2
192.168.0.111,142.250.78.110,36777,443,17,188.0,16385,3298,19,13,2616,0,0,0,2571,2574,64,64,1278,54,54,1278,"3849,6570,5966","884,1142,1272",0,0,0,0,50087,10081,13,2,2,3,12,0,0,0,0,0,0,0,0,1781376373253,1781376375870,0,1457,142,355,0,1457,214,417,1,0.8975912,2
0.0.0.0,0.0.0.0,0,0,58,102.0,400,0,2,0,2969,0,0,0,2969,0,255,255,200,200,0,200,"200,,,200",",,,,",0,0,0,0,1077,0,0,2,0,0,0,0,0,34304,134,0,0,0,0,1781376373977,1781376376947,2969,2969,2969,0,0,0,0,0,1,0.7919587,-1
192.168.0.111,216.239.36.223,33538,443,6,91.0,52,52,1,1,34,16,16,16,0,0,0,0,52,52,52,52,52,52,0,0,0,0,11885,11885,2,0,0,0,0,67,1031,0,0,0,0,0,0,1781376377399,1781376377434,0,0,0,0,0,0,0,0,0,0.97984457,2
0.0.0.0,0.0.0.0,0,0,58,102.0,624,0,4,0,3802,0,0,0,3802,0,1,1,156,156,0,156,"156,156,,156,156",",,,,,",0,0,0,0,1312,0,0,4,0,0,0,0,0,36608,143,0,0,0,0,1781376373980,1781376377783,419,2550,1267,922,0,0,0,0,0,0.95040625,2
189.4.7.204,192.168.0.111,443,49681,17,188.0,1868737,39671,1483,469,5279,0,0,0,5279,5276,121,121,1278,54,54,1278,"1142609,,,,273118,453010","27839,,,,1589,10243",0,0,0,0,2831419,60107,482,5,1,4,1460,0,0,0,0,0,0,0,0,1781376373048,1781376378327,0,4318,3,112,0,4345,11,200,1,0.98886555,2
192.168.0.111,172.217.172.170,60931,443,17,188.0,57,53,1,1,33,0,0,0,0,0,0,0,57,53,53,57,57,53,0,0,0,0,13411,12470,2,0,0,0,0,0,0,0,0,0,0,0,0,1781376380195,1781376380229,0,0,0,0,0,0,0,0,1,0.5311505,-1
192.168.0.111,142.251.156.119,57444,443,17,188.0,805,3578,8,9,582,0,0,0,531,553,64,64,1135,54,54,1135,"332,473","2090,1488",0,0,0,0,11046,49097,9,5,0,2,1,0,0,0,0,0,0,0,0,1781376379945,1781376380528,27,327,75,104,1,312,68,96,1,0.99218374,2
4.228.31.150,192.168.0.111,443,38584,6,91.0,219,132,3,3,25,29,25,21,25,25,45,45,91,40,40,91,219,132,0,0,0,0,67384,40615,6,0,0,0,0,71,67,0,0,0,0,0,0,1781376380839,1781376380865,0,25,12,12,0,25,12,12,0,0.9593805,2
192.168.0.111,216.239.36.223,46326,443,6,91.0,52,52,1,1,33,16,16,16,0,0,0,0,52,52,52,52,52,52,0,0,0,0,12235,12235,2,0,0,0,0,67,1322,0,0,0,0,0,0,1781376381495,1781376381529,0,0,0,0,0,0,0,0,0,0.9798774,2
192.168.0.111,151.101.1.242,45416,443,6,91.0,52,52,1,1,20,16,16,16,0,0,0,0,52,52,52,52,52,52,0,0,0,0,19809,19809,2,0,0,0,0,306,253,0,0,0,0,0,0,1781376382007,1781376382027,0,0,0,0,0,0,0,0,0,0.9800744,2
192.168.0.111,13.107.253.33,33920,443,6,91.0,52,52,1,1,38,16,16,16,0,0,0,0,52,52,52,52,52,52,0,0,0,0,10666,10666,2,0,0,0,0,70,146,0,0,0,0,0,0,1781376382007,1781376382046,0,0,0,0,0,0,0,0,0,0.97971296,2
192.168.0.111,54.211.156.164,54318,443,6,91.0,52,52,1,1,160,16,16,16,0,0,0,0,52,52,52,52,52,52,0,0,0,0,2583,2583,2,0,0,0,0,63,187,0,0,0,0,0,0,1781376382007,1781376382168,0,0,0,0,0,0,0,0,0,0.9743639,2
192.168.0.111,172.217.30.129,41218,443,17,188.0,270,3016,2,5,72,0,0,0,39,39,64,64,1278,54,54,1278,270,3016,0,0,0,0,29589,330520,3,1,1,0,2,0,0,0,0,0,0,0,0,1781376382407,1781376382480,39,39,39,0,39,39,9,16,1,0.99125856,2
192.168.0.111,172.217.172.150,34545,443,17,188.0,1624,25733,16,27,234,0,0,0,179,209,64,64,1278,52,52,1278,1624,25733,0,0,0,0,55285,876017,17,6,0,1,19,0,0,0,0,0,0,0,0,1781376382296,1781376382531,0,75,11,20,0,55,7,17,0,0.735841,-1
192.168.0.111,216.239.36.223,33508,443,6,91.0,52,52,1,1,31,16,16,16,0,0,0,0,52,52,52,52,52,52,0,0,0,0,13000,13000,2,0,0,0,0,67,1032,0,0,0,0,0,0,1781376382519,1781376382551,0,0,0,0,0,0,0,0,0,0.9799299,2
192.168.0.111,142.250.78.110,36777,443,17,188.0,9814,1749,15,12,3886,0,0,0,3842,3845,64,64,1278,51,51,1278,"1857,,,3693,4264","276,,,486,987",0,0,0,0,20198,3599,15,2,2,2,6,0,0,0,0,0,0,0,0,1781376378729,1781376382616,0,2223,274,613,0,2225,349,673,1,0.94553363,2
0.0.0.0,0.0.0.0,0,0,58,102.0,400,0,2,0,3072,0,0,0,3072,0,255,255,200,200,0,200,"200,,,200",",,,,",0,0,0,0,1041,0,0,2,0,0,0,0,0,34304,134,0,0,0,0,1781376379917,1781376382989,3072,3072,3072,0,0,0,0,0,1,0.76348597,-1
0.0.0.0,0.0.0.0,0,0,58,102.0,468,0,3,0,3069,0,0,0,3069,0,1,1,156,156,0,156,"156,156,,156",",,,,",0,0,0,0,1219,0,0,3,0,0,0,0,0,36608,143,0,0,0,0,1781376379922,1781376382991,933,2135,1534,601,0,0,0,0,0,0.98057705,2
192.168.0.111,192.168.0.6,45268,8009,6,139.0,240,0,4,0,3083,2,2,0,3083,0,64,64,60,60,0,60,"60,60,60,60",",,,,",180,3,0,0,622,0,4,0,0,0,0,64240,0,46080,180,0,0,0,0,1781376380140,1781376383223,1023,1035,1027,5,0,0,0,0,1,0.9376351,1
192.168.0.111,189.4.7.204,49681,443,17,188.0,40049,1785123,461,1416,4937,0,0,0,4934,4937,64,64,1278,54,54,1278,"24284,,,,364,15401","868582,,,,38253,878288",0,0,0,0,64882,2892058,471,6,3,2,1395,0,0,0,0,0,0,0,0,1781376378328,1781376383266,0,4168,10,194,0,4144,3,110,0,0.9706607,2
192.168.0.111,172.217.172.150,34545,443,17,188.0,1143,38731,17,32,96,0,0,0,86,54,64,64,1278,53,53,1278,1143,38731,0,0,0,0,94268,3194309,17,1,1,0,30,0,0,0,0,0,0,0,0,1781376383522,1781376383619,0,41,5,11,0,35,1,6,0,0.73764735,-1
192.168.0.111,142.250.78.110,36777,443,17,188.0,3216,13614,6,14,169,0,0,0,130,124,64,64,1278,54,54,1278,3216,13614,0,0,0,0,151341,640658,5,1,1,1,12,0,0,0,0,0,0,0,0,1781376383729,1781376383899,9,67,25,28,0,74,9,22,0,0.99369615,2
192.168.0.111,34.54.84.110,42128,443,6,91.0,1740,66564,18,31,271,24,24,24,241,228,64,64,5652,52,52,5652,1740,66564,0,0,0,0,51176,1957764,20,5,0,0,12,144,1025,0,0,0,0,0,0,1781376385625,1781376385896,0,188,13,43,0,137,7,24,1,0.5312532,-1
172.217.172.170,192.168.0.111,443,60931,17,188.0,303,61,1,1,7,0,0,0,0,0,0,0,303,61,61,303,303,61,0,0,0,0,303000,61000,1,0,1,0,0,0,0,0,0,0,0,0,0,1781376385946,1781376385954,0,0,0,0,0,0,0,0,1,0.693843,-1
0.0.0.0,0.0.0.0,0,0,58,102.0,200,0,1,0,0,0,0,0,0,0,0,0,200,200,0,200,200,",",0,0,0,0,1600000,0,0,1,0,0,0,0,0,34304,134,0,0,0,0,1781376385959,1781376385959,0,0,0,0,0,0,0,0,0,0.85565335,1
192.168.0.111,172.217.192.188,58174,5228,6,126.0,52,52,1,1,77,16,16,16,0,0,0,0,52,52,52,52,52,52,0,0,0,0,5333,5333,2,0,0,0,0,67,1043,0,0,0,0,0,0,1781376386134,1781376386212,0,0,0,0,0,0,0,0,0,0.97812337,2
0.0.0.0,0.0.0.0,0,0,58,102.0,468,0,3,0,2231,0,0,0,2231,0,1,1,156,156,0,156,"156,,156,156",",,,,",0,0,0,0,1677,0,0,3,0,0,0,0,0,36608,143,0,0,0,0,1781376383991,1781376386223,260,1971,1115,855,0,0,0,0,0,0.92713714,2
192.168.0.111,216.239.36.223,49380,443,6,91.0,669,6282,3,5,280,24,24,24,280,164,64,64,2852,52,52,2852,"565,104",",,6282",0,0,0,0,19046,178846,3,0,1,1,2,67,11264,0,0,0,0,0,0,1781376385990,1781376386270,42,238,140,98,0,162,41,69,1,0.9966563,2
192.168.0.111,172.217.30.129,41218,443,17,188.0,7703,43180,42,49,2471,0,0,0,2438,2439,64,64,1278,53,53,1278,"557,6449,,697","1865,34820,,6495",0,0,0,0,24928,139741,17,38,1,5,30,0,0,0,0,0,0,0,0,1781376383886,1781376386357,0,2152,59,331,0,2173,50,309,1,0.8715071,1
192.168.0.8,224.0.0.251,5353,5353,17,8.0,489,0,1,0,0,0,0,0,0,0,0,0,489,489,0,489,489,",",0,0,0,0,3912000,0,0,0,1,0,0,0,0,0,0,0,0,0,0,1781376386606,1781376386606,0,0,0,0,0,0,0,0,1,0.9985966,2
0.0.0.0,0.0.0.0,5353,5353,17,8.0,509,0,1,0,0,0,0,0,0,0,0,0,509,509,0,509,509,",",0,0,0,0,4072000,0,0,0,1,0,0,0,0,0,0,0,0,0,0,1781376386607,1781376386607,0,0,0,0,0,0,0,0,1,0.9982436,2
192.168.0.111,172.217.28.65,45216,443,6,91.0,52,52,1,1,33,16,16,16,0,0,0,0,52,52,52,52,52,52,0,0,0,0,12235,12235,2,0,0,0,0,67,1045,0,0,0,0,0,0,1781376386615,1781376386649,0,0,0,0,0,0,0,0,0,0.9798774,2
216.239.36.223,192.168.0.111,443,33538,6,91.0,417,219,6,3,79,29,29,25,79,37,117,117,125,40,40,125,417,219,40,1,0,0,41700,21900,9,0,0,0,0,1031,67,10240,40,0,0,0,0,1781376387056,1781376387136,0,37,15,15,0,37,18,18,0,0.74567735,-1
192.168.0.111,172.217.29.106,39284,443,6,91.0,52,52,1,1,30,16,16,16,0,0,0,0,52,52,52,52,52,52,0,0,0,0,13419,13419,2,0,0,0,0,67,1044,0,0,0,0,0,0,1781376387127,1781376387158,0,0,0,0,0,0,0,0,0,0.97995204,2
192.168.0.111,192.168.0.6,45268,8009,6,139.0,180,0,3,0,3072,2,2,0,3072,0,64,64,60,60,0,60,"60,60,,60",",,,,",120,2,0,0,468,0,3,0,0,0,0,64240,0,30720,120,0,0,0,0,1781376384247,1781376387319,1024,2047,1535,511,0,0,0,0,1,0.88990676,1
192.168.0.111,216.239.36.223,46310,443,6,91.0,52,52,1,1,28,16,16,16,0,0,0,0,52,52,52,52,52,52,0,0,0,0,14344,14344,2,0,0,0,0,73,11010,0,0,0,0,0,0,1781376387640,1781376387669,0,0,0,0,0,0,0,0,0,0.97999483,2
192.168.0.111,140.82.114.25,45288,443,6,91.0,52,52,1,1,159,16,16,16,0,0,0,0,52,52,52,52,52,52,0,0,0,0,2600,2600,2,0,0,0,0,68,76,0,0,0,0,0,0,1781376388151,1781376388311,0,0,0,0,0,0,0,0,0,0.974415,2
189.4.7.204,192.168.0.111,443,49681,17,188.0,1731082,33736,1370,383,5052,0,0,0,5052,5049,121,121,1278,54,54,1278,"688368,,,,17565,1025149","11766,,,,182,21788",0,0,0,0,2740679,53411,391,5,1,2,1354,0,0,0,0,0,0,0,0,1781376383266,1781376388318,0,4008,3,108,0,4052,13,207,1,0.9878122,2
189.4.7.204,192.168.0.111,443,49681,17,188.0,533581,10405,423,109,271,0,0,0,271,249,121,121,1278,53,53,1278,533581,10405,0,0,0,0,15693558,306029,110,2,1,0,419,0,0,0,0,0,0,0,0,1781376388318,1781376388590,0,76,0,4,0,74,2,7,1,0.89262056,1
0.0.0.0,0.0.0.0,0,0,58,102.0,200,0,1,0,0,0,0,0,0,0,0,0,200,200,0,200,200,",",0,0,0,0,1600000,0,0,1,0,0,0,0,0,34304,134,0,0,0,0,1781376388928,1781376388928,0,0,0,0,0,0,0,0,0,0.85565335,1
0.0.0.0,0.0.0.0,0,0,58,102.0,312,0,2,0,627,0,0,0,627,0,1,1,156,156,0,156,"156,156",",,",0,0,0,0,3974,0,0,2,0,0,0,0,0,36608,143,0,0,0,0,1781376388932,1781376389559,627,627,627,0,0,0,0,0,0,0.8833381,1
192.168.0.111,142.250.78.110,36777,443,17,188.0,7842,1733,11,8,2265,0,0,0,2222,2221,64,64,1278,51,51,1278,"1864,,5978,","276,,1403,54",0,0,0,0,27685,6118,10,0,2,1,6,0,0,0,0,0,0,0,0,1781376388747,1781376391013,0,1906,222,563,0,1905,317,649,1,0.9902294,2
